4.943654913046030537e-13,2.067033413120291381e-13,0.000000000000000000e+00,1.183966074673578078e+03,3.385316534641233829e+03,2.265376008993035157e+03,2.051409090909090992e+03,4.322257575757575978e+03,4.846500000000000000e+03,-2.080590909090909008e+03,-6.593742424242424022e+03,-2.256500000000000000e+03,7.790208091336200957e-02,6.368968587451911967e-01,2.852010603414467105e-01,0.000000000000000000e+00
-5.404243880100008136e-13,-9.226757844073185608e-13,6.854162969882937591e-13,1.403572146049550611e+03,2.866599080863319614e+03,1.921688309162528640e+03,2.081550724637680560e+03,4.273701086956521976e+03,4.422884057971014045e+03,-2.187449275362318531e+03,-5.797548913043478933e+03,-1.981115942028985273e+03,1.419289240213220393e-01,5.920185881013994011e-01,2.660524878772785873e-01,0.000000000000000000e+00
-5.232709243077121078e-13,-3.114707882784000642e-13,1.931118887326080398e-13,1.397508517432269628e+03,2.706660536786961984e+03,1.716145074759289173e+03,2.420671232876712111e+03,3.148547945205479664e+03,4.422486301369863213e+03,-2.481328767123287889e+03,-6.084452054794520336e+03,-2.569513698630137242e+03,1.597675772269537553e-01,5.993041767064339886e-01,2.409282460666120063e-01,0.000000000000000000e+00
-2.526374171591467440e-13,3.929915378031171180e-13,-6.905422735683344403e-13,1.369892283248246486e+03,2.648695446422868372e+03,1.690296984481602522e+03,2.523191358024691908e+03,4.395055555555555657e+03,3.946574074074073451e+03,-2.258808641975308547e+03,-5.086944444444445253e+03,-2.406425925925926094e+03,1.597206177101469504e-01,5.971070411409046264e-01,2.431723411489482845e-01,0.000000000000000000e+00
-2.728484105318784613e-13,-5.563967587316737883e-13,8.506450445993858296e-13,1.277880713441386433e+03,2.128908542781819506e+03,1.776975486650198263e+03,2.206447058823529460e+03,3.436699999999999818e+03,4.109836764705881251e+03,-2.128552941176470540e+03,-4.344300000000000182e+03,-2.501913235294117840e+03,1.751583649261761466e-01,4.861432507977594963e-01,3.386983842760642460e-01,0.000000000000000000e+00
-5.684341886080801487e-13,5.911715561524033748e-13,0.000000000000000000e+00,1.079100953267927480e+03,2.255799310594303279e+03,1.950349938411869516e+03,1.584787499999999909e+03,3.129221875000000182e+03,4.457210937500000000e+03,-1.812212500000000091e+03,-4.293278124999999818e+03,-2.366539062499999545e+03,1.157864334475800783e-01,5.059812730937142122e-01,3.782322934587055707e-01,0.000000000000000000e+00
-9.508353700353340302e-13,6.511155251328918342e-13,7.234616945921019707e-13,1.330640962758810701e+03,2.426971274452919261e+03,1.781716934063905228e+03,1.900056818181818016e+03,3.151465909090909008e+03,4.848592329545453140e+03,-2.349943181818181984e+03,-5.419534090909090992e+03,-2.068657670454545496e+03,1.634106770990310376e-01,5.436106095313679720e-01,2.929787133696009627e-01,0.000000000000000000e+00
2.401474774344248525e-13,8.277423690292942413e-13,8.175233274363399664e-14,1.225819052079405992e+03,2.434386733779125734e+03,1.800300997922518945e+03,1.890617977528089568e+03,3.199859550561798187e+03,4.825342696629213606e+03,-2.245382022471910204e+03,-5.230140449438202268e+03,-2.295657303370786394e+03,1.408283705454203005e-01,5.554136713826288707e-01,3.037579580719509398e-01,0.000000000000000000e+00
-2.974364940391117292e-13,6.028046279192663503e-13,-4.230207915222921978e-14,1.221757463280083584e+03,2.145969148750483782e+03,1.738217514448394013e+03,1.653162790697674609e+03,2.953251453488372135e+03,4.341122093023256639e+03,-1.973837209302325164e+03,-4.625248546511627865e+03,-1.711877906976744498e+03,1.636853035782159516e-01,5.049944847936513881e-01,3.313202116281329102e-01,0.000000000000000000e+00
-2.176981998924562384e-13,7.450116174097391035e-13,-2.467246265447837016e-13,1.199402969030261147e+03,2.391681374826682259e+03,1.846668119947312789e+03,1.811085106382978438e+03,3.630888297872340900e+03,4.267079787234041760e+03,-2.139914893617020880e+03,-4.346111702127659555e+03,-2.136920212765956876e+03,1.361133878892386018e-01,5.412242504282874789e-01,3.226623616824741414e-01,0.000000000000000000e+00
1.779446155642685760e-13,1.618801711036054457e-13,1.018238633506647998e-12,1.882278887668902826e+03,6.395752829977810734e+02,3.008565410817469910e+03,3.636434782608696423e+03,1.185059782608695741e+03,4.543923913043478024e+03,-2.896565217391304486e+03,-1.438940217391304259e+03,-4.753076086956521976e+03,2.724631714906264324e-01,3.145742781862934795e-02,6.960794006907439213e-01,1.000000000000000000e+00
8.470294063214908789e-13,5.496945999726489385e-14,-1.709050483551326676e-12,1.672284369489265828e+03,7.424713943620524788e+02,3.070195304941010363e+03,3.013274725274724915e+03,1.599745879120879181e+03,4.068230769230768601e+03,-2.362725274725274176e+03,-1.920504120879120819e+03,-5.786769230769229580e+03,2.189257354075919704e-01,4.315548563868869952e-02,7.379187789537190456e-01,1.000000000000000000e+00
-1.101987188369755398e-12,-2.222060919104313354e-13,1.446923389184203941e-12,1.635186676481357608e+03,5.642171200921230820e+02,2.764065045601703332e+03,2.574181818181818016e+03,7.504517045454546178e+02,4.493943181818181984e+03,-2.455818181818181984e+03,-1.643548295454545269e+03,-5.554056818181818016e+03,2.514839279723483090e-01,2.994112229202942552e-02,7.185749497356223037e-01,1.000000000000000000e+00
6.562831086656925078e-13,1.576112977504222345e-13,1.632956396365030209e-12,1.612537020164124215e+03,5.313712048172016011e+02,2.999045658273320441e+03,2.990920454545454049e+03,1.041329545454545496e+03,4.016193181818181984e+03,-2.059079545454545496e+03,-1.413670454545454504e+03,-6.036806818181818016e+03,2.189354426349869598e-01,2.377347776080483352e-02,7.572910796042078285e-01,1.000000000000000000e+00
2.855390342775472398e-13,-4.428498911248996801e-14,-1.480572770328022718e-12,1.226425291958300477e+03,6.821621623868625193e+02,2.974536591052578842e+03,2.106837209302324936e+03,1.211604651162790560e+03,3.541731104651162241e+03,-2.055162790697674154e+03,-1.392395348837209212e+03,-7.055518895348836850e+03,1.390471307272577450e-01,4.301848270859791323e-02,8.179343865641444111e-01,1.000000000000000000e+00
-1.008114609194089146e-12,-1.835426054782716728e-13,6.684238169656460860e-13,1.514868473048814622e+03,7.476140959116972908e+02,2.990325786269331275e+03,2.571518072289156407e+03,1.458373493975903557e+03,4.687927710843372552e+03,-2.320481927710843593e+03,-1.996626506024096443e+03,-5.827072289156625629e+03,1.945460394836108775e-01,4.738353981336076298e-02,7.580704207030287689e-01,1.000000000000000000e+00
3.345267868590080829e-13,-4.181584835737601036e-14,8.363169671475202072e-13,1.333893525799134750e+03,4.626203892189282669e+02,2.722861594653898010e+03,2.368310344827586050e+03,8.883333333333331439e+02,3.925752873563218600e+03,-1.876689655172413723e+03,-1.366666666666666515e+03,-5.457247126436781400e+03,1.891380726508981036e-01,2.275024977738841769e-02,7.881116775717137424e-01,1.000000000000000000e+00
-8.242295734817162156e-13,-3.019806626980425790e-13,-4.784321087451340915e-13,1.274404858377256687e+03,7.139172636572624242e+02,2.586557547840879579e+03,2.458916666666666060e+03,1.096244791666666515e+03,3.033179036458333940e+03,-2.231083333333333030e+03,-1.768755208333333485e+03,-5.835070963541667879e+03,1.840543606260318099e-01,5.775998109031151712e-02,7.581856582836565828e-01,1.000000000000000000e+00
-1.212965212142725924e-12,2.298185536738044450e-13,-1.075746421451850658e-12,1.461629406171443406e+03,7.846358226255669024e+02,2.982540769935731987e+03,2.741129032258064399e+03,1.434069892473118216e+03,3.862322580645161906e+03,-1.999870967741936056e+03,-1.646930107526881329e+03,-6.134677419354839003e+03,1.834169481394645751e-01,5.285683848238929144e-02,7.637262133781462792e-01,1.000000000000000000e+00
-5.501061703772589182e-13,-1.508741210884997693e-13,1.385491928869040266e-12,1.243749992220250988e+03,5.867250890461115205e+02,2.560199262810630898e+03,2.551224299065419928e+03,1.128691588785046633e+03,3.554563084112150136e+03,-2.277775700934580072e+03,-1.291308411214953367e+03,-5.958436915887850773e+03,1.831582075533987330e-01,4.075956324800494857e-02,7.760822291985965959e-01,1.000000000000000000e+00
-2.182787284255027690e-13,-1.155816183503096235e-13,-2.819433575496077517e-13,2.307470163172935372e+03,5.128145757158883953e+02,1.014645158411988291e+03,4.587630000000000109e+03,1.416740000000000009e+03,2.353496666666666897e+03,-2.897869999999999891e+03,-1.121260000000000218e+03,-1.629003333333333103e+03,8.046693816662581211e-01,3.974349075793292413e-02,1.555871275758090311e-01,2.000000000000000000e+00
2.122154304136832589e-13,1.261923898709938041e-13,-1.606773973132173217e-13,1.825911645714424139e+03,6.573128345688138552e+02,1.055878669292389304e+03,3.194906666666666752e+03,1.751253333333333103e+03,2.105320000000000164e+03,-3.030093333333332339e+03,-1.479746666666666670e+03,-1.726680000000000064e+03,6.830621275945656379e-01,8.852071517578281867e-02,2.284171572296519459e-01,2.000000000000000000e+00
1.784618964234670249e-14,7.931639841042978709e-15,2.591002348074039806e-13,1.570964358892839982e+03,7.718493352520922599e+02,1.087905621888976839e+03,3.256696220930233267e+03,1.069808139534883821e+03,2.539517441860464260e+03,-2.333053779069767188e+03,-2.172191860465116406e+03,-1.591482558139534603e+03,5.810693973475206109e-01,1.402685824680236781e-01,2.786620201844558498e-01,2.000000000000000000e+00
3.065712477886274874e-13,-2.554760398238562395e-14,7.944207089913311421e-14,1.685477358875493337e+03,8.243161610952118963e+02,8.842688727635204486e+02,3.428269662921348299e+03,1.500112359550562132e+03,2.027353932584269387e+03,-2.420730337078652155e+03,-1.404887640449438095e+03,-1.272646067415730840e+03,6.603116214410972296e-01,1.579394872890200752e-01,1.817488912698828896e-01,2.000000000000000000e+00
4.224659031383509334e-13,-2.049170161401967956e-13,0.000000000000000000e+00,1.646564971988850175e+03,8.594894710766573098e+02,9.164588720709352856e+02,3.499876543209876672e+03,2.523851851851852189e+03,1.715333333333333485e+03,-3.185123456790123328e+03,-2.099148148148147811e+03,-1.512666666666666288e+03,6.320059738591701226e-01,1.722045255426439825e-01,1.957895005981857839e-01,2.000000000000000000e+00
-6.044812347149340438e-13,4.325645532822463374e-13,9.566331466818909481e-14,1.816371183807061243e+03,9.986226711286343516e+02,1.129265368500270142e+03,3.080646341463414501e+03,2.023743902439024396e+03,2.412152439024389878e+03,-2.909353658536585044e+03,-1.708256097560975604e+03,-2.157847560975609213e+03,5.921368952584336043e-01,1.789846382446939888e-01,2.288784664968723515e-01,2.000000000000000000e+00
-2.927109385016320725e-13,-3.658886731270400906e-14,0.000000000000000000e+00,1.761132778796868706e+03,8.082913463481584131e+02,1.084154627307504143e+03,3.738287356321839525e+03,1.634614942528735583e+03,2.347574712643678140e+03,-3.095712643678160475e+03,-1.424385057471264417e+03,-2.621425287356321860e+03,6.290853174959165628e-01,1.325138301092626258e-01,2.384008523948206726e-01,2.000000000000000000e+00
-1.837496563174956742e-13,1.321939973507163118e-14,-9.782355803953006917e-14,1.757846598782903357e+03,8.819608655737105209e+02,9.322122893780954200e+02,4.121970930232558203e+03,2.116671511627906966e+03,2.239866279069768098e+03,-2.510029069767441342e+03,-1.873828488372092806e+03,-1.268133720930232130e+03,6.523306520221832105e-01,1.642118409244380239e-01,1.834575070533784324e-01,2.000000000000000000e+00
-2.463214817301680476e-13,-1.732370860519863214e-13,-7.477616409665816182e-14,1.790770311922194878e+03,7.694960026358564846e+02,6.844610816173518515e+02,3.943808035714285325e+03,1.630261904761904361e+03,1.495860119047619037e+03,-2.692941964285714221e+03,-1.567738095238095411e+03,-1.586639880952380736e+03,7.514660385855891356e-01,1.387529810511216877e-01,1.097809803632894821e-01,2.000000000000000000e+00
-3.211284052526167323e-13,-3.543485851063356689e-14,1.801271974290539787e-13,1.769033391190389011e+03,6.566936337351648945e+02,7.226909928934426262e+02,3.450714285714285325e+03,1.923584415584415865e+03,1.265675324675324646e+03,-2.652285714285714221e+03,-1.380415584415584135e+03,-1.248324675324674899e+03,7.664641328020098676e-01,1.056198114324046894e-01,1.279160557655852348e-01,2.000000000000000000e+00
-3.637978807091713027e-14,-2.186576845512414979e-13,1.818989403545856514e-14,2.476893264681023538e+03,5.631563080432366633e+02,9.330006812906883624e+02,4.108426666666665369e+03,1.400793333333333067e+03,2.085573333333332812e+03,-3.661573333333332357e+03,-1.102206666666666933e+03,-1.901426666666666961e+03,8.378131355068393349e-01,4.331022968682340935e-02,1.188766348063368949e-01,3.000000000000000000e+00
1.926895554603661435e-13,1.079061510578050480e-13,-1.618592265867075656e-13,2.129337362957273854e+03,4.737160508877821599e+02,9.126491872157646412e+02,3.514474576271186379e+03,9.728644067796609534e+02,1.788372881355932350e+03,-3.275525423728813621e+03,-9.381355932203389330e+02,-1.504627118644067650e+03,8.109001377601581240e-01,4.013420135840381486e-02,1.489656608814380889e-01,3.000000000000000000e+00
-3.053303641666258839e-13,8.526512829121202230e-14,-1.477928890381008437e-13,2.284808060366742211e+03,4.353002635408982428e+02,6.681420544300134452e+02,4.572367857142857247e+03,1.192235714285714266e+03,1.535771428571428487e+03,-2.844132142857142298e+03,-1.035764285714285506e+03,-8.422285714285715130e+02,8.914150963796833027e-01,3.235626625342897383e-02,7.622863736688768876e-02,3.000000000000000000e+00
-8.435892886009769266e-13,-3.130507125667687794e-14,1.252202850267075117e-13,2.200634819429522850e+03,5.178387907761587030e+02,7.633915530748478204e+02,4.065681159420289532e+03,1.351173913043478251e+03,1.304942028985507250e+03,-3.178318840579710013e+03,-1.273826086956521522e+03,-1.289057971014492750e+03,8.505504165483105394e-01,4.709700180193907709e-02,1.023525816497500990e-01,3.000000000000000000e+00
-4.349757269348787357e-13,1.169821083802135852e-13,-2.669169233464028766e-13,2.361229857740200259e+03,8.392273615518214456e+02,1.124244797465961028e+03,4.086391304347826008e+03,2.640471014492753511e+03,2.367786231884057543e+03,-3.392608695652173537e+03,-1.682528985507246489e+03,-1.488713768115942003e+03,7.390874780599387961e-01,9.336381331071670620e-02,1.675487086293445116e-01,3.000000000000000000e+00
-1.749028272640246708e-13,-1.084397529036952959e-13,-8.242295734817161904e-14,2.042362603289046319e+03,5.697011692532502138e+02,1.059783512111968093e+03,3.488823076923076769e+03,1.036207692307692014e+03,1.968123076923076724e+03,-3.051176923076923231e+03,-1.461792307692307531e+03,-1.737876923076922822e+03,7.423537013968505294e-01,5.776162470389847869e-02,1.998846738992511585e-01,3.000000000000000000e+00
-6.427095892528692868e-13,9.189686049163962572e-14,9.094947017729282884e-14,2.073130771841360456e+03,4.760352671342276949e+02,7.592824697626626858e+02,4.245386666666665406e+03,1.119233333333333121e+03,1.787833333333333030e+03,-2.761613333333333230e+03,-1.107766666666666652e+03,-9.191666666666665151e+02,8.425561815591698922e-01,4.442462091725699752e-02,1.130191975235732421e-01,3.000000000000000000e+00
-8.905468954859921993e-13,-1.310556601513073564e-13,-2.715852234460827321e-13,2.158961422803641199e+03,5.357745818764423120e+02,1.164815730617666077e+03,3.355361111111111313e+03,1.329013888888888687e+03,2.278715277777777374e+03,-3.337638888888889142e+03,-6.649861111111111995e+02,-1.404284722222221944e+03,7.392768690100682827e-01,4.552831375116419416e-02,2.151948172387674885e-01,3.000000000000000000e+00
-7.205996483277815682e-13,1.530399738560215712e-14,1.469183749017807235e-13,1.930800223104001816e+03,4.079435812018458023e+02,1.096263316099217263e+03,3.270599999999999909e+03,9.990615384615384755e+02,1.988415384615385165e+03,-3.075400000000000091e+03,-7.579384615384615245e+02,-1.256584615384615290e+03,7.315232861804055187e-01,3.265530037320577006e-02,2.358214134463892386e-01,3.000000000000000000e+00
1.364242052659392306e-13,-7.579122514774401562e-14,1.440033277807136309e-13,2.618309937090463336e+03,8.158015030818193054e+02,9.160378407925562669e+02,4.040800000000000182e+03,1.941308333333333167e+03,1.730358333333333121e+03,-4.417199999999999818e+03,-1.394691666666666606e+03,-1.527641666666666652e+03,8.200214544852203469e-01,7.960715611450908114e-02,1.003713894002705997e-01,3.000000000000000000e+00
-1.440033277807136309e-13,-4.206412995699793302e-13,-8.460195507116925944e-13,1.268832625771509129e+03,1.131769722533586219e+03,2.996656370344635434e+03,2.557966666666665787e+03,3.822537499999999909e+03,5.693012499999999818e+03,-2.964033333333333758e+03,-3.377462500000000091e+03,-6.308987500000000182e+03,1.356216778740733375e-01,1.079037607499287038e-01,7.564745613759981113e-01,0.000000000000000000e+00
-8.101978471872940937e-13,3.209981300375041048e-13,-1.230492831810432393e-12,1.289332965231785010e+03,1.353370816183438819e+03,2.922767813268120790e+03,2.971243697478991635e+03,3.827819327731092471e+03,5.642428571428571558e+03,-3.157756302521008365e+03,-2.532180672268907529e+03,-4.826571428571428442e+03,1.381108038422933781e-01,1.521707194756943549e-01,7.097184766820123780e-01,0.000000000000000000e+00
-6.789185801966929143e-13,6.404892266006537031e-15,-1.111248808152134184e-12,1.390920336633462739e+03,6.877410286767051275e+02,2.592032034761972227e+03,2.533809859154929654e+03,2.559176056338028502e+03,5.109267605633801395e+03,-3.220190140845070346e+03,-1.378823943661971498e+03,-5.471732394366197695e+03,2.119877958825523157e-01,5.182701702735471871e-02,7.361851870900929518e-01,0.000000000000000000e+00
-6.463018856776801774e-13,9.933971453654222986e-13,9.383057496886802344e-13,1.477192946820434145e+03,8.099565651822455266e+02,2.533374654559417650e+03,2.323466984160959328e+03,2.287648972602739832e+03,4.749493150684932516e+03,-3.242814265839040672e+03,-1.264351027397259941e+03,-4.022506849315067939e+03,2.357467272454865093e-01,7.087526269935051637e-02,6.933780100551628633e-01,0.000000000000000000e+00
-6.117085332892114338e-13,-5.471637480021003337e-13,-5.721015059539387270e-13,1.436991582673070980e+03,7.066952480782274506e+02,2.687685967515399625e+03,2.463179032258064581e+03,1.849765322580644806e+03,5.088625806451613244e+03,-3.584820967741935419e+03,-1.520234677419354966e+03,-5.388374193548386756e+03,2.109665747421241022e-01,5.102341768056353061e-02,7.380100075773126100e-01,0.000000000000000000e+00
1.178500176945202833e-12,8.550531175118726459e-13,-1.069617008423091649e-12,1.393643756567589207e+03,8.277244233965105877e+02,2.584061203630116324e+03,2.150079225352112644e+03,2.409647887323943905e+03,4.999140845070422074e+03,-3.251420774647886446e+03,-1.428352112676056322e+03,-4.005859154929577471e+03,2.087368701762200573e-01,7.363209549220481320e-02,7.176310343315749352e-01,0.000000000000000000e+00
4.072364336296693746e-13,1.017030572528262820e-13,-1.589070500392438938e-12,1.327148665185720347e+03,6.661339765198916893e+02,2.833402021487755974e+03,2.482221082089552510e+03,1.675294776119402968e+03,5.339701492537312333e+03,-2.998528917910447490e+03,-1.424705223880597032e+03,-4.948298507462687667e+03,1.721181316284490503e-01,4.336213380028246245e-02,7.845197345712687786e-01,0.000000000000000000e+00
-7.599625737995340393e-13,9.852152261509448413e-14,-7.873237716840273801e-13,1.395562716573480657e+03,7.170045262851630241e+02,2.696863882200967510e+03,2.472291044776119179e+03,1.968720149253731279e+03,4.829365671641790868e+03,-3.076708955223880821e+03,-1.587279850746268721e+03,-5.432634328358209132e+03,2.000659675612742050e-01,5.281025887951118492e-02,7.471237735592145546e-01,0.000000000000000000e+00
1.184458216262418255e-12,1.952064694212244165e-13,-1.145681310372874734e-12,1.346121013016211919e+03,6.443022560503831073e+02,2.887593257747041207e+03,2.484104651162791015e+03,1.683511627906976628e+03,6.077914728682170789e+03,-3.019895348837208985e+03,-1.708488372093023372e+03,-5.174085271317830120e+03,1.715077799992641427e-01,3.929116646561420234e-02,7.892010535351215994e-01,0.000000000000000000e+00
-8.750410468159277467e-13,2.486388393336063001e-13,-6.870283718428594803e-14,1.562924331541658603e+03,8.745491341301911916e+02,2.762016782820361641e+03,2.764381294964028712e+03,4.313269784172662185e+03,5.608492805755395239e+03,-3.805618705035971288e+03,-2.259730215827337815e+03,-5.939507194244604761e+03,2.254211545689697449e-01,7.058090026140612094e-02,7.039979451696244395e-01,0.000000000000000000e+00
1.218722900375723912e-12,6.669627813001473273e-13,-1.145963324233889588e-12,2.238303884303667928e+03,1.782729512794604716e+03,2.754039645150072374e+03,2.427313333333333048e+03,3.468256666666666206e+03,4.342494999999999891e+03,-3.987686666666665587e+03,-3.367743333333333339e+03,-5.548005000000000109e+03,3.176344223140077916e-01,2.014931901253919633e-01,4.808723875606004672e-01,1.000000000000000000e+00
0.000000000000000000e+00,1.470247347291709908e-12,-1.499437211031043884e-12,2.353333228018207137e+03,2.128075302753772121e+03,2.688090876821561778e+03,2.792250000000000000e+03,3.999435810810809926e+03,3.340024546030405418e+03,-3.607750000000000000e+03,-3.565564189189188710e+03,-5.380912953969594128e+03,3.202607279423410058e-01,2.618851156380237466e-01,4.178541564196350810e-01,1.000000000000000000e+00
-1.266385027785090036e-12,1.657813127282299522e-12,-4.777725332098294125e-13,2.203963816646573378e+03,1.495118917572064674e+03,2.754071186799066254e+03,2.823310126582277917e+03,2.866724683544304298e+03,4.899180379746834660e+03,-3.776689873417721628e+03,-2.590275316455696156e+03,-5.736819620253165340e+03,3.309402393865038539e-01,1.522972738352243449e-01,5.167624867782719678e-01,1.000000000000000000e+00
1.736308067021044891e-12,-1.697723443309466071e-12,1.515824502954880464e-12,2.265097536164375015e+03,1.524667126265167099e+03,2.515008785451834228e+03,2.774987878787879254e+03,3.233378787878787989e+03,3.756646969696969791e+03,-3.675012121212120746e+03,-2.935621212121212011e+03,-5.051353030303030209e+03,3.723123083147378276e-01,1.686877911286838450e-01,4.589999005565781887e-01,1.000000000000000000e+00
1.796117495365176362e-12,3.915132517987013368e-13,1.226337900393526736e-12,2.216486332492640031e+03,1.759539952122851446e+03,2.570207668946655303e+03,2.635218934911243196e+03,3.855241124260354809e+03,2.894069526627218693e+03,-3.888781065088756804e+03,-2.636258875739645191e+03,-6.092930473372780398e+03,3.361541122332489251e-01,2.118393220387476128e-01,4.520065657280032956e-01,1.000000000000000000e+00
-3.020821688031511518e-13,-1.883953310815351523e-12,5.716823839715548809e-13,2.160001673504170412e+03,1.633371099887890978e+03,3.040094991036967713e+03,2.176278571428571468e+03,2.784207142857143481e+03,4.510589285714286234e+03,-3.956721428571428987e+03,-2.246792857142856974e+03,-6.796410714285713766e+03,2.814729506889190880e-01,1.609526845868691214e-01,5.575743647242116241e-01,1.000000000000000000e+00
-1.643472882151080911e-12,1.914725687943006710e-12,1.449340972123525988e-12,2.228876267146097234e+03,1.820553352754422804e+03,2.628136267058300746e+03,2.631426900584795476e+03,3.472997076023391855e+03,3.365842105263157919e+03,-3.915573099415204979e+03,-2.933002923976608145e+03,-5.887157894736841627e+03,3.270628235995382549e-01,2.182056962026544811e-01,4.547314801978076249e-01,1.000000000000000000e+00
-1.464394743033197003e-12,1.255968873876900881e-12,-1.304691804329022065e-12,2.227714520720207474e+03,1.633511891661157051e+03,2.775315447172406948e+03,2.441380952380952294e+03,2.893916666666666060e+03,3.983910714285714221e+03,-4.278619047619046796e+03,-2.563083333333333030e+03,-5.746089285714287143e+03,3.236526897882427978e-01,1.740222382181018101e-01,5.023250719936553921e-01,1.000000000000000000e+00
0.000000000000000000e+00,0.000000000000000000e+00,1.726441212213103386e-12,2.383169851523583020e+03,1.867743149906709732e+03,2.700881149941782041e+03,3.227593750000000000e+03,3.244468750000000000e+03,3.497542187500000182e+03,-3.939406250000000000e+03,-2.662531250000000000e+03,-5.321957812499999818e+03,3.449914625750741815e-01,2.119008310860370226e-01,4.431077063388890735e-01,1.000000000000000000e+00
-1.648807879594480306e-12,1.542793159755918125e-12,1.523264132417235729e-12,2.280027364532671982e+03,1.680089917102497111e+03,2.703625693666274401e+03,2.308582822085888893e+03,2.718073619631901693e+03,3.497447852760736168e+03,-4.165417177914111562e+03,-2.761926380368098307e+03,-5.630552147239263832e+03,3.390898326744788971e-01,1.841194632611120596e-01,4.767907040644090433e-01,1.000000000000000000e+00
-9.951717388964649326e-13,4.811095161552446637e-13,1.730017095763722301e-13,1.520641656305459037e+03,9.102126990599123246e+02,6.695654941593160174e+02,2.764181159420289532e+03,1.577956521739130267e+03,1.154510869565217490e+03,-2.504818840579710013e+03,-2.169043478260869051e+03,-1.689489130434782510e+03,6.442603628205895161e-01,2.308306247098553532e-01,1.249090124695552695e-01,2.000000000000000000e+00
3.625688338148835366e-13,2.273736754432320595e-13,6.145234471438704651e-15,8.608751928435366381e+02,9.062105615899037048e+02,7.503403950803373164e+02,2.228939189189188710e+03,1.265395270270270203e+03,1.345172297297297519e+03,-2.100060810810810835e+03,-2.522604729729730025e+03,-1.981827702702702709e+03,3.487009393956926329e-01,3.863945299821938129e-01,2.649045306221133878e-01,2.000000000000000000e+00
3.143555512839315728e-13,5.646191940536635468e-13,1.403917996025325461e-13,1.252351546840588526e+03,8.600974186503168539e+02,1.013224778018433994e+03,2.225661073825503081e+03,2.221912751677852611e+03,1.745523489932886150e+03,-2.236338926174496919e+03,-1.454087248322147616e+03,-1.613476510067113850e+03,4.703117092854913750e-01,2.218342332475326806e-01,3.078540574669759167e-01,2.000000000000000000e+00
-3.504740729761921148e-13,0.000000000000000000e+00,5.474347090289281226e-13,1.167185768886877895e+03,8.433151969161651778e+02,1.040012211806145615e+03,2.327222929936305718e+03,1.592275875796178298e+03,2.387592356687897791e+03,-1.761777070063693827e+03,-2.112474124203821248e+03,-1.345407643312101527e+03,4.317803859098850450e-01,2.254046109611276272e-01,3.428150031289873834e-01,2.000000000000000000e+00
-5.111758542811348306e-13,5.476884153012159350e-14,1.327729491639311290e-12,1.740079796266058338e+03,1.122961364196552267e+03,1.259684236600207896e+03,2.883737226277371974e+03,1.876875912408758950e+03,2.584313868613139221e+03,-2.864262773722627571e+03,-1.709124087591241050e+03,-2.535686131386860325e+03,5.153199066873469514e-01,2.146190259025173852e-01,2.700610674101356357e-01,2.000000000000000000e+00
-5.142975992168344106e-13,-3.830163699430635312e-13,-2.334640417497471823e-13,1.480857544111617926e+03,8.620955030984587211e+02,8.658918684545581073e+02,2.540391369047618809e+03,1.393714285714285552e+03,1.883648809523809405e+03,-3.276108630952381191e+03,-1.755285714285714221e+03,-1.822351190476190595e+03,5.949508339483108310e-01,2.016346996709655892e-01,2.034144663807236353e-01,2.000000000000000000e+00
-4.467223976355264949e-13,4.427099210100577081e-13,-4.012476625468800931e-13,1.591547599819543620e+03,7.527905259730688385e+02,1.068335442964320464e+03,2.378752941176470813e+03,1.426544117647059011e+03,2.612920588235293962e+03,-2.980247058823529187e+03,-1.774455882352940989e+03,-1.913079411764706038e+03,5.972622369385566232e-01,1.336208044588076682e-01,2.691169586026359029e-01,2.000000000000000000e+00
-4.216200604245362768e-14,-4.366779197254125733e-13,-3.376724948221509181e-13,1.153465235104361454e+03,8.634615222015561358e+02,6.211662932615221280e+02,2.300066225165563083e+03,1.223409768211920209e+03,1.130306291390728347e+03,-2.592933774834436463e+03,-1.600590231788079791e+03,-1.492193708609271880e+03,5.404299637085239194e-01,3.028421907957060122e-01,1.567278454957701794e-01,2.000000000000000000e+00
6.698305573868187944e-13,-6.682942487689590583e-13,-1.843570341431611395e-14,1.521218501804366042e+03,9.154003054811694255e+02,6.271592702879889885e+02,2.935182432432432051e+03,1.333439189189188937e+03,1.370287162162162076e+03,-2.480817567567567949e+03,-1.601560810810810835e+03,-1.522712837837838151e+03,6.527079656667053031e-01,2.363512051836518801e-01,1.109408291496426086e-01,2.000000000000000000e+00
0.000000000000000000e+00,-8.753886504564434492e-13,-7.688072400924284213e-13,1.485428481099287865e+03,9.220663957033284532e+02,1.007406285442762510e+03,3.221093750000000000e+03,1.616961718750000045e+03,2.099828906249999818e+03,-3.121906250000000000e+03,-1.721288281249999955e+03,-1.451421093749999955e+03,5.419277788868254175e-01,2.088152965017405494e-01,2.492569246114339498e-01,2.000000000000000000e+00
4.062409667919079368e-13,-8.124819335838158737e-13,-1.212659602363904250e-12,1.463538145120318177e+03,1.109251238448711320e+03,1.481442141653419185e+03,3.347933333333332939e+03,2.122599999999999909e+03,3.478739999999999782e+03,-2.442066666666666151e+03,-2.860400000000000091e+03,-2.601260000000000218e+03,3.847536371907558372e-01,2.210214817578501079e-01,3.942248810513949708e-01,3.000000000000000000e+00
-5.615671984101301845e-13,8.331948106845952907e-13,1.541257799984324746e-12,1.593925971016544054e+03,1.170461442442156340e+03,1.317176899832025356e+03,2.923218120805369381e+03,1.766003355704697924e+03,3.142466442953019850e+03,-2.919781879194630619e+03,-2.919996644295302303e+03,-1.447533557046979467e+03,4.500193537782267716e-01,2.426661059341239657e-01,3.073145402876495402e-01,3.000000000000000000e+00
-2.673363214302243657e-13,3.031649005909760625e-13,-1.190611245957287868e-12,1.534875275652389973e+03,1.009472912603895224e+03,1.468924842799137423e+03,2.968630303030303367e+03,1.777990909090909099e+03,3.233012121212120746e+03,-2.530369696969696179e+03,-2.155509090909090901e+03,-2.352987878787879254e+03,4.258096562046636557e-01,1.841868688204199023e-01,3.900034749749166085e-01,3.000000000000000000e+00
-1.329921497875508230e-13,1.430023115995170120e-13,7.672074017314088108e-13,1.826048974449027810e+03,9.550633150126351438e+02,1.377301138168680382e+03,3.760352201257860543e+03,2.075962264150943156e+03,3.386128930817609671e+03,-2.470647798742138093e+03,-1.950037735849056617e+03,-1.840871069182389874e+03,5.427562002386190354e-01,1.484719042041430237e-01,3.087718955572378299e-01,3.000000000000000000e+00
1.268891801667069320e-13,0.000000000000000000e+00,7.319965422333728642e-13,1.738381794136495955e+03,9.009541340228720401e+02,1.539795360763271674e+03,3.480232258064515918e+03,1.914500000000000000e+03,2.761570967741935419e+03,-3.105767741935484082e+03,-1.983500000000000000e+03,-2.492429032258064581e+03,4.870486973616097170e-01,1.308239991308514927e-01,3.821273035075384850e-01,3.000000000000000000e+00
0.000000000000000000e+00,0.000000000000000000e+00,7.105427357601001859e-15,1.906221892979261156e+03,1.141143262369569811e+03,1.622939958779204517e+03,3.103218750000000000e+03,2.336992187500000455e+03,3.528085937500000000e+03,-3.460781250000000000e+03,-2.266007812500000000e+03,-2.558914062499999545e+03,4.800219825873465740e-01,1.720261860878448679e-01,3.479518313248085581e-01,3.000000000000000000e+00
-4.934163433087824889e-13,-7.424446545085127880e-14,9.218687793480701324e-13,1.647770659470615101e+03,8.616054241839481165e+02,1.694134536436601820e+03,3.465159863945577854e+03,2.045326530612244824e+03,3.781965136054422146e+03,-2.807840136054421237e+03,-1.832673469387755176e+03,-2.224284863945578309e+03,4.290957837097638672e-01,1.173214886669024515e-01,4.535827276233336813e-01,3.000000000000000000e+00
-9.531721817064168087e-13,3.510917047285201067e-14,1.207086718161864268e-12,1.790215950805664988e+03,7.663295141036331870e+02,1.856186986856872181e+03,3.396764705882352246e+03,1.592327205882352700e+03,3.441893382352941444e+03,-2.508235294117646390e+03,-1.884672794117647300e+03,-2.268106617647059011e+03,4.428110148379982847e-01,8.114068594931021783e-02,4.760482992126912616e-01,3.000000000000000000e+00
5.866904691181206820e-13,1.543485534030699264e-13,1.493695678094225151e-13,1.851478601979031964e+03,1.092390362878135647e+03,1.522925077027502539e+03,3.117788321167883169e+03,2.035006386861313558e+03,2.713379562043795431e+03,-3.215211678832116831e+03,-2.373243613138686669e+03,-2.745620437956204569e+03,4.939022132586920466e-01,1.719330226163434672e-01,3.341647641249642642e-01,3.000000000000000000e+00
-7.457517190843320356e-13,3.519837820877272587e-13,6.210355612852458000e-13,1.922431684827179197e+03,8.325711479891851923e+02,1.531353294219928785e+03,3.824033582089552510e+03,1.931508395522387673e+03,2.623945895522388128e+03,-2.589966417910447490e+03,-1.453741604477611645e+03,-2.270554104477611872e+03,5.488216321746984816e-01,1.029371412669738001e-01,3.482412265583275657e-01,3.000000000000000000e+00
8.167668899999900079e-13,1.019450197753681164e-12,1.164813745147730764e-12,1.781774294525358755e+03,1.251982046978606832e+03,2.519901413659265472e+03,4.512750349162010025e+03,2.617039106145251026e+03,6.594773743016759909e+03,-2.864499650837989066e+03,-2.583960893854748974e+03,-4.489226256983240091e+03,2.862149494536490590e-01,1.413133325011371455e-01,5.724717180452136844e-01,0.000000000000000000e+00
-2.478373062331229441e-14,-3.046807250939309779e-13,-1.364242052659392357e-12,1.877192419094003981e+03,1.756092661108747052e+03,3.233263664012572463e+03,4.288264000000000124e+03,3.939789999999999964e+03,5.885824000000001433e+03,-3.009735999999999876e+03,-3.700710000000000036e+03,-6.108176000000000386e+03,2.065356903209432382e-01,1.807475349639990625e-01,6.127167747150578103e-01,0.000000000000000000e+00
-7.336590594301620904e-13,8.412825991399586100e-14,-9.640643838793039807e-13,1.421975151900419860e+03,1.687698302211887267e+03,2.710014905291753166e+03,3.284306666666666388e+03,4.241026666666666642e+03,5.915085833333333539e+03,-3.180693333333333612e+03,-3.597973333333332903e+03,-5.325664166666666461e+03,1.655417802575810116e-01,2.331917778338146452e-01,6.012664419086041212e-01,0.000000000000000000e+00
8.738615138303321670e-14,6.100062412077755942e-13,-4.615346247802919612e-13,1.659250277103269582e+03,1.672404203419320766e+03,2.409237748109656877e+03,3.748417910447761642e+03,3.355768656716417354e+03,5.216960820895521465e+03,-3.301582089552238358e+03,-3.316231343283582191e+03,-3.848039179104477626e+03,2.424693141775577099e-01,2.463289679324464354e-01,5.112017178899959102e-01,0.000000000000000000e+00
-3.000043822387943960e-13,-1.525797032579583504e-13,-2.666939351063473632e-13,1.535050794083031860e+03,1.524048402201085537e+03,2.696751850298485351e+03,3.184620300751879313e+03,4.013763157894736196e+03,6.063823308270676534e+03,-3.354379699248120687e+03,-2.754236842105263804e+03,-5.816176691729323466e+03,1.971607037152722230e-01,1.943445553731739106e-01,6.084947409115538663e-01,0.000000000000000000e+00
6.862156793832289609e-13,-8.589136934645821315e-13,1.067500137250428466e-12,1.384431550792885901e+03,1.934159069155758971e+03,2.882665151056356990e+03,3.174771186440678775e+03,4.013983050847457434e+03,6.716165254237288536e+03,-2.908228813559321225e+03,-3.559016949152542566e+03,-3.942834745762712373e+03,1.372233492887275363e-01,2.678362870155527875e-01,5.949403636957197872e-01,0.000000000000000000e+00
-5.016106275045348511e-13,2.017724409944711994e-13,8.192395023603475238e-13,1.430940965373569725e+03,1.750034273166595767e+03,3.056692786999878081e+03,3.214083969465648806e+03,3.990408396946565063e+03,7.128362595419847821e+03,-2.434916030534351648e+03,-3.311591603053434937e+03,-5.678637404580153998e+03,1.416667462343346173e-01,2.118934799845484385e-01,6.464397737811167222e-01,0.000000000000000000e+00
8.187363019111339480e-13,8.712806386732254056e-13,-1.199921581330670006e-12,1.337395263205830361e+03,2.036616331605507639e+03,3.101926652533989909e+03,2.513723214285714221e+03,4.507651260504202583e+03,7.045983193277310420e+03,-3.202151785714285325e+03,-4.545348739495797417e+03,-5.586016806722689580e+03,1.149622235829572681e-01,2.665962510835275801e-01,6.184415253335150409e-01,0.000000000000000000e+00
-2.570529826360433069e-13,-7.303499005180144429e-13,1.394424398957166520e-12,1.403710912191635543e+03,1.902643479236345911e+03,3.643904670934939077e+03,2.966106194690265056e+03,4.666307522123895069e+03,7.310435840707965326e+03,-2.836893805309734489e+03,-3.228692477876105841e+03,-6.894064159292036493e+03,1.044282564231338029e-01,1.918569379682378007e-01,7.037148056086282022e-01,0.000000000000000000e+00
3.225158516925277550e-13,-8.199965529282517482e-13,6.059266563673364710e-13,1.248203629255061969e+03,1.714660357180363235e+03,2.759268517017977047e+03,2.052751773049645180e+03,3.739244680851064459e+03,5.846650709219858072e+03,-2.714248226950354820e+03,-3.304755319148935541e+03,-4.658849290780141018e+03,1.286376509611329433e-01,2.427467550389727780e-01,6.286155939998939735e-01,0.000000000000000000e+00
4.242660972944366488e-13,-7.249595448914644753e-14,0.000000000000000000e+00,2.397330707683376204e+03,1.672886151110496940e+03,2.814242156077454183e+03,3.399775362318840507e+03,2.869416666666666060e+03,4.769000000000000000e+03,-4.761224637681159948e+03,-3.656583333333332575e+03,-5.672000000000000000e+03,3.490403684679364571e-01,1.699622741819920846e-01,4.809973573500712085e-01,1.000000000000000000e+00
-8.767528925091027923e-13,1.238731783814728351e-12,-1.310809238930232851e-13,2.213433487571740443e+03,2.057422087580475363e+03,2.940459699026667749e+03,3.237063999999999851e+03,3.280619000000000142e+03,3.775519999999999982e+03,-4.396935999999999694e+03,-4.706881000000000313e+03,-7.229479999999998654e+03,2.755725550357130960e-01,2.380947428922348397e-01,4.863327020720519811e-01,1.000000000000000000e+00
8.736878237503719707e-13,5.845472837182304235e-13,5.012962923157872360e-13,1.995109622608444852e+03,2.145151051798001390e+03,2.482683436664065539e+03,2.239464566929133525e+03,3.275858267716535465e+03,2.892976377952755684e+03,-4.159535433070866020e+03,-4.298141732283464989e+03,-5.290023622047244316e+03,2.699377611080809869e-01,3.120655817487172912e-01,4.179966571432019440e-01,1.000000000000000000e+00
0.000000000000000000e+00,7.184243862744138742e-13,4.872293045212115416e-13,2.385214194583537392e+03,1.675912702819761080e+03,2.925062314090564541e+03,2.956369747899160757e+03,3.272697478991597109e+03,4.549103991596638480e+03,-4.261630252100839243e+03,-3.242302521008403801e+03,-6.068146008403360611e+03,3.336034682848505462e-01,1.646943013517720711e-01,5.017022303633772440e-01,1.000000000000000000e+00
-4.404245996774416020e-13,4.037225497043214811e-13,-8.759257536267817311e-13,2.240113729884276836e+03,1.060757504967543809e+03,2.428009296732261646e+03,2.625232283464566535e+03,1.871456692913385723e+03,4.345551181102361625e+03,-3.819767716535432555e+03,-1.845543307086614277e+03,-4.310448818897636556e+03,4.168368735077289111e-01,9.346698210798966289e-02,4.896961443842816619e-01,1.000000000000000000e+00
3.552713678800500929e-15,0.000000000000000000e+00,0.000000000000000000e+00,2.186332936916130166e+03,1.045650025121513181e+03,2.538983037109923771e+03,2.755042968750000000e+03,2.030960937500000000e+03,3.439773437500000000e+03,-4.198957031250000000e+03,-1.905039062500000000e+03,-4.914226562500000000e+03,3.879952871343209098e-01,8.874963180047203137e-02,5.232550810652071283e-01,1.000000000000000000e+00
-3.644429124125563718e-13,7.204197837181838086e-13,6.462411378289024719e-13,2.080973595501825457e+03,9.462047968221780820e+02,2.324021290707117714e+03,2.402191489361702679e+03,1.791152482269503253e+03,4.366251773049645635e+03,-3.784808510638297776e+03,-1.869847517730496293e+03,-4.219748226950354365e+03,4.075016985651167545e-01,8.424935307281396224e-02,5.082489483620695747e-01,1.000000000000000000e+00
0.000000000000000000e+00,0.000000000000000000e+00,0.000000000000000000e+00,2.066966227395327223e+03,1.236545038337034157e+03,2.145278690499700588e+03,2.900789062500000000e+03,2.605843750000000000e+03,2.992390625000000000e+03,-3.380210937500000000e+03,-1.947156250000000000e+03,-4.094609375000000000e+03,4.106601338592874573e-01,1.469723578091894356e-01,4.423675083315231071e-01,1.000000000000000000e+00
2.237063580973734811e-13,-8.251464028181808350e-13,-5.730183352904033464e-13,2.028891424208127091e+03,1.187208787530611971e+03,2.281885577191796983e+03,2.410991935483870748e+03,2.344830645161289794e+03,3.371895161290322449e+03,-3.698008064516128343e+03,-1.966169354838709751e+03,-4.616104838709677097e+03,3.835322331038680810e-01,1.313222942035570107e-01,4.851454726925745753e-01,1.000000000000000000e+00
-8.940795373360989868e-13,-3.246819009507169594e-13,-9.933146583981874422e-13,2.578190801407105937e+03,1.990925404631327183e+03,3.512844285138713076e+03,5.740686440677965948e+03,4.618591101694914869e+03,6.191584745762712373e+03,-4.411313559322034052e+03,-3.054408898305084676e+03,-8.058415254237287627e+03,2.896208890283055726e-01,1.727069242352965162e-01,5.376721867363978280e-01,1.000000000000000000e+00
8.013990200048343394e-13,2.012816143267955899e-13,-9.113584204241022480e-13,2.636328421880326914e+03,7.477704997099682487e+02,1.549751352568217271e+03,6.819048155737704292e+03,1.802032786885245287e+03,3.513036885245901431e+03,-5.037701844262295708e+03,-1.460967213114754031e+03,-2.976963114754098569e+03,7.012556890642064333e-01,5.641752495990236260e-02,2.423267859758909681e-01,2.000000000000000000e+00
6.231722956592286486e-13,1.862779889186775357e-12,-1.040024033971820766e-13,2.756179155244170943e+03,1.312924961650342766e+03,1.837447173810232016e+03,9.355777777777775555e+03,2.095262962962962774e+03,3.869511111111110949e+03,-4.950222222222222626e+03,-2.587737037037036316e+03,-3.833488888888889051e+03,5.983159913559673582e-01,1.357674100819262486e-01,2.659165985621064765e-01,2.000000000000000000e+00
9.324231396327498767e-13,6.725675105547704956e-13,-5.736886222842892743e-13,2.352449062855242573e+03,1.336475442787139855e+03,1.603595729965907140e+03,6.030237394957983270e+03,2.172008403361344790e+03,3.543193277310924259e+03,-3.994262605042016730e+03,-1.989991596638655665e+03,-3.153806722689075741e+03,5.594604782561783951e-01,1.805722134295503767e-01,2.599673083142712837e-01,2.000000000000000000e+00
-7.519910620127726631e-13,-6.015928496102181910e-13,0.000000000000000000e+00,2.778807448629971532e+03,1.152338938219708552e+03,2.031679985258505212e+03,6.611432291666666060e+03,1.969052083333332803e+03,4.228500000000000000e+03,-3.605567708333332575e+03,-2.307947916666666060e+03,-3.479500000000000000e+03,5.859868328894679568e-01,1.007700382183880777e-01,3.132431288921441181e-01,2.000000000000000000e+00
1.276076749936506358e-13,-3.573014899822218005e-13,1.647299077190762942e-13,2.575447168395666722e+03,9.546966907252913188e+02,2.140208162677602559e+03,6.180721938775511262e+03,1.747049744897959044e+03,4.387285714285714675e+03,-4.317778061224489647e+03,-2.021200255102040956e+03,-3.749714285714285325e+03,5.470517147505797872e-01,7.517162304068090994e-02,3.777766622087394000e-01,2.000000000000000000e+00
-7.389644451905041933e-13,-4.235391993550401207e-13,-4.750883782239101025e-13,2.792113939628855405e+03,9.967804697207189975e+02,1.758296603802522441e+03,6.576636029411763957e+03,1.975129901960784309e+03,3.376882352941176578e+03,-4.528863970588236043e+03,-2.261370098039215918e+03,-3.246117647058823422e+03,6.561609915705849394e-01,8.362635635418963487e-02,2.602126520752248151e-01,2.000000000000000000e+00
1.850197555077280474e-13,4.859555024178881172e-13,-2.587908101322325697e-13,2.744471353865863421e+03,1.335050147193337807e+03,1.823966664106664439e+03,6.431954656862743832e+03,1.964872549019607959e+03,3.628980392156863218e+03,-5.288045343137256168e+03,-3.957127450980391131e+03,-3.227019607843136782e+03,5.958328165431346912e-01,1.409945003673190034e-01,2.631726830895462221e-01,2.000000000000000000e+00
5.207263192070448938e-13,7.135879189133577725e-13,-1.502290355607068928e-13,2.857535014462071103e+03,1.109350394450379326e+03,1.355742547324791076e+03,6.911834821428571558e+03,2.358694196428571558e+03,3.451185267857143117e+03,-4.958165178571428442e+03,-2.935805803571428442e+03,-2.295314732142856883e+03,7.268434364395170988e-01,1.095456750440017557e-01,1.636108885164806737e-01,2.000000000000000000e+00
4.202967940011259082e-13,-2.296703792355879537e-13,6.430770618596462298e-13,2.710193059686595461e+03,1.554905961375001425e+03,2.032748635618937442e+03,7.305232323232323324e+03,2.642656565656564908e+03,3.754545454545455414e+03,-3.744767676767677131e+03,-2.692343434343434183e+03,-2.906454545454545496e+03,5.286200053348852901e-01,1.740008598314460031e-01,2.973791348336684015e-01,2.000000000000000000e+00
2.228712264245541929e-13,6.168355155588672142e-13,2.431322470086045924e-13,2.628161574008007392e+03,9.370675315422674885e+02,1.894995675854874889e+03,7.118856435643564510e+03,1.492188118811881168e+03,4.510227722772276138e+03,-3.453143564356435945e+03,-1.823811881188118832e+03,-3.178772277227722952e+03,6.071579101829154279e-01,7.718613869621637757e-02,3.156559511208684721e-01,2.000000000000000000e+00
8.091757019613751185e-13,-4.547473508864641190e-13,3.256453487280187876e-13,2.115835420674486613e+03,1.218228323783706628e+03,1.327024601221544344e+03,4.596512711864406810e+03,3.028741525423728490e+03,3.116419491525424291e+03,-3.183487288135593190e+03,-2.474258474576271510e+03,-2.318080508474576163e+03,5.797533963653591638e-01,1.921927142831957036e-01,2.280538893514452436e-01,3.000000000000000000e+00
1.767211239831061111e-13,1.846004097657923776e-13,4.333607180477442528e-13,2.890412292810347481e+03,1.277383334752547626e+03,1.363010456187373165e+03,4.921158415841583519e+03,2.744881188118812133e+03,2.852153465346535086e+03,-5.716841584158415571e+03,-2.657118811881187867e+03,-2.194846534653464914e+03,7.053774945170011579e-01,1.377667774177546156e-01,1.568557280652440600e-01,3.000000000000000000e+00
-1.424792651011122625e-12,-2.706241028373251296e-13,-3.444587610315268380e-13,2.838894301947912936e+03,8.843668896206091858e+02,1.116270015294827317e+03,5.586032608695652016e+03,1.768972826086956502e+03,1.951945652173913004e+03,-4.616967391304347984e+03,-1.666027173913043498e+03,-1.721054347826086769e+03,7.989425844885345018e-01,7.753219379914938481e-02,1.235252217123161411e-01,3.000000000000000000e+00
-1.496490006743721228e-13,1.861911985134629859e-13,-3.712223272542563940e-14,3.014649254482355900e+03,1.187352183406258064e+03,1.260736129114776531e+03,5.638071428571429351e+03,1.686596938775510580e+03,1.774673469387755176e+03,-4.813928571428571558e+03,-4.072403061224489647e+03,-2.486326530612244824e+03,7.518682256060339464e-01,1.166345615194916557e-01,1.314972128744747726e-01,3.000000000000000000e+00
6.549350433962662890e-13,1.175484830246600602e-13,-4.349757269348787357e-13,3.396122470715676627e+03,1.078103372129028685e+03,1.212523046803651141e+03,6.979940217391304031e+03,2.190114130434782510e+03,2.250070652173913004e+03,-6.541059782608695969e+03,-2.414885869565217490e+03,-2.409929347826086996e+03,8.141685717271075484e-01,8.204808631724964940e-02,1.037833419556426218e-01,3.000000000000000000e+00
4.098013917872205935e-13,1.057551978805730495e-13,6.794771463826818475e-13,3.838782831493094363e+03,1.148382292051859849e+03,1.617220372376181558e+03,7.356023255813952346e+03,1.994066860465116633e+03,3.457813953488372135e+03,-7.680976744186044925e+03,-2.759933139534882685e+03,-3.049186046511627865e+03,7.892827270684242835e-01,7.063476184932290791e-02,1.400825110822528086e-01,3.000000000000000000e+00
0.000000000000000000e+00,8.948617424622252221e-14,1.913540832938091712e-14,3.387402505995377396e+03,1.236692838311418200e+03,1.113455048612145447e+03,7.877250000000000000e+03,2.892111386138613852e+03,2.368287128712870981e+03,-6.117750000000000000e+03,-3.314388613861386148e+03,-2.230712871287129019e+03,8.055846558482679942e-01,1.073745280958846582e-01,8.704081605584744474e-02,3.000000000000000000e+00
-1.234874271803760393e-13,2.043422902151460421e-13,2.273736754432320595e-13,3.203042800050231563e+03,7.577398200342169048e+02,1.046481291044040745e+03,7.501103448275863229e+03,1.806530172413792798e+03,1.737512931034483017e+03,-5.983896551724136771e+03,-1.782469827586206748e+03,-2.410487068965516755e+03,8.600616911173867285e-01,4.813315627474216984e-02,9.180515260787132370e-02,3.000000000000000000e+00
-4.746924101358704010e-13,3.191209479905011184e-14,2.592857702422821587e-14,3.095584651287449560e+03,6.275045183409841911e+02,8.455474700815326514e+02,7.190042763157895934e+03,9.007077850877194578e+02,1.648807017543859502e+03,-4.696457236842104976e+03,-1.609917214912280315e+03,-1.943192982456140044e+03,8.962982465441133861e-01,3.682992988776895293e-02,6.687182356811734174e-02,3.000000000000000000e+00
-5.943232704654778814e-13,5.425451067506824160e-13,2.138663283871984598e-13,3.541939001748360624e+03,8.989315104633235478e+02,9.792729831522008226e+02,7.945389851485151667e+03,1.612470297029703033e+03,2.030465346534653690e+03,-6.324860148514851971e+03,-2.109529702970296967e+03,-2.246534653465346310e+03,8.765367620056181419e-01,5.646004086509479047e-02,6.700319712928751170e-02,3.000000000000000000e+00
