9.454662108782578844e-01,1.322189524550879958e-01,-3.209637193957228657e-02,-1.237356742779850638e+00,3.675446183715152859e+00,4.256474766126607800e-01,-9.534455907647698680e-01,1.982027149438839508e+00,8.619917186568727407e-01,1.177594870476105893e+00,-3.529036806623337075e+00,6.913503226168998816e-01,-1.514250119665066396e+00,3.377900319137276508e+00,-4.938954691950869780e-01,0.000000000000000000e+00
-6.277988835622627661e-01,-1.749277319430520228e+00,8.426657837364104342e-01,-8.692402067318991676e-01,2.803804718847057398e+00,2.752675293427198772e-03,-9.348237939523822426e-01,1.933443788874274150e+00,5.708906727776589252e-01,1.077568081293511115e+00,-2.851648878226427541e+00,8.424913324669121018e-01,-1.245804479144059007e+00,3.054237391498904053e+00,-5.821109156852783961e-01,0.000000000000000000e+00
-6.017192453371207339e-01,-7.310365042906542543e-01,2.143625652299386286e-01,-8.794044155285368758e-01,2.535047487270897459e+00,-2.501605517971488002e-01,-7.253118193791197044e-01,8.076679734109074582e-01,5.706173417928858127e-01,8.024766402284274625e-01,-3.095741202652244173e+00,5.195567668954360618e-01,-1.171012275540589620e+00,3.106781192845234685e+00,-6.978556383377287897e-01,0.000000000000000000e+00
-1.902557601464146819e-01,4.425669473952526523e-01,-9.134005522840720204e-01,-9.256963618432046959e-01,2.437644217131848201e+00,-2.819656556977384043e-01,-6.619738810020295849e-01,2.054865416542296597e+00,2.435792552445965875e-01,1.010770800280701875e+00,-2.247078654878287729e+00,6.090654001922051197e-01,-1.171209162923378289e+00,3.090935410034171937e+00,-6.875173298280380374e-01,0.000000000000000000e+00
-2.209839795008100849e-01,-1.139072468300773133e+00,1.053538878051514471e+00,-1.079931534584159580e+00,1.564205672102835676e+00,-1.753110155365853462e-01,-8.576616142655227870e-01,1.095979495128653225e+00,3.557703587435339099e-01,1.132699105740136103e+00,-1.615249363780238090e+00,5.566584145732769162e-01,-1.106483248940386188e+00,2.290662477741912006e+00,-2.474389604525324693e-01,0.000000000000000000e+00
-6.703841875588434362e-01,7.727261979028305916e-01,-3.209637193957228657e-02,-1.413137790189997967e+00,1.777430143207031188e+00,3.801973318599385226e-02,-1.241728984174206518e+00,7.883312079183306675e-01,5.944794699433091356e-01,1.428815542137067407e+00,-1.571840818341162738e+00,6.309567938420821420e-01,-1.355412219995022038e+00,2.433734665746380532e+00,-6.531042546250175052e-02,0.000000000000000000e+00
-1.251776065116438907e+00,8.725902307952205783e-01,8.912212005942992121e-01,-9.914917200650720241e-01,2.065063767708033904e+00,-1.694768426436535913e-01,-1.046952508644507285e+00,8.105875521337643219e-01,8.634295288490201337e-01,9.254625953904790370e-01,-2.530040282241579508e+00,7.944451770876224117e-01,-1.155737833897531042e+00,2.705118144249135881e+00,-4.580646449491385108e-01,0.000000000000000000e+00
5.589603746742383139e-01,1.166842834494029368e+00,7.223999580743342697e-02,-1.167200335129582767e+00,2.077524543382128996e+00,-1.466098503216467230e-01,-1.052783916934480368e+00,8.590079752464312435e-01,8.474528108204006926e-01,1.023339040703638902e+00,-2.368907385975792312e+00,6.698593386504755332e-01,-1.250418774780467146e+00,2.790242047177519780e+00,-4.084058055748612248e-01,0.000000000000000000e+00
-2.583670021746894974e-01,7.921063871249302002e-01,-8.608437618075547026e-02,-1.174008607734660314e+00,1.592873941253521997e+00,-2.230012440839019006e-01,-1.199486059260938653e+00,6.122634021915623892e-01,5.147053616313582713e-01,1.277523684623358191e+00,-1.854275619622306914e+00,9.902591764287138609e-01,-1.154586406191115744e+00,2.426617930061695461e+00,-2.814294208712880829e-01,0.000000000000000000e+00
-1.371351681773800013e-01,1.029017017460849726e+00,-3.469785349739199498e-01,-1.211480517945467072e+00,2.005763392173665949e+00,-8.955684881449367529e-02,-1.101920104432017489e+00,1.290275259215005077e+00,4.638248575801812157e-01,1.122063535862649841e+00,-1.616790729206941224e+00,7.569801558518548523e-01,-1.270187304318147525e+00,2.687907677744532098e+00,-3.213152191484469067e-01,0.000000000000000000e+00
4.643889130559230582e-01,5.754550956891185676e-02,1.267430099713690472e+00,-6.680397897377082783e-02,-9.384373656051961943e-01,1.340114111822767295e+00,2.579882043806245445e-02,-1.156906807902868817e+00,6.540670240639185895e-01,4.137867292635363237e-01,8.565814370327585747e-01,-6.788634571136492601e-01,-6.985129374895762133e-01,-9.885401855952506978e-01,1.398977553840299981e+00,1.000000000000000000e+00
1.481646394561831892e+00,-1.205630633543720159e-01,-2.213271070760561177e+00,-4.188090676172551707e-01,-7.655329904283705300e-01,1.415947380931767308e+00,-3.591955721605771257e-01,-7.419912189584260132e-01,3.271794876359909177e-01,9.134976762443013376e-01,4.468750397988425216e-01,-1.246192687360270002e+00,-9.229795927786595966e-01,-9.041735737047112975e-01,1.591727140852435607e+00,1.000000000000000000e+00
-1.481582989691569763e+00,-5.823254208266678278e-01,1.814538773128170579e+00,-4.809943895433576033e-01,-1.065067574452918997e+00,1.039265598997334505e+00,-6.304714748296824656e-01,-1.591755403470200614e+00,6.197211893349318101e-01,8.263563047533114547e-01,6.825043562941537356e-01,-1.118471463037269631e+00,-7.864727085876800361e-01,-9.994758094259668102e-01,1.502612167164576018e+00,1.000000000000000000e+00
1.191641150024266738e+00,5.043375310356174729e-02,2.051963291779737908e+00,-5.189610676681264412e-01,-1.120261132133790083e+00,1.328400414001309704e+00,-3.730062597682214376e-01,-1.300716587154019832e+00,2.914202193509496941e-01,1.197730988129444674e+00,8.780805224491357031e-01,-1.383422611780865896e+00,-9.229388932415710789e-01,-1.043956977193181146e+00,1.680973279415660215e+00,1.000000000000000000e+00
6.279724063834175585e-01,-2.859166383543675916e-01,-1.921676520380984021e+00,-1.166184120400934887e+00,-8.668753048638340175e-01,1.298242927661394930e+00,-9.192015558293727961e-01,-1.130347249089081796e+00,-3.462135083125347790e-02,1.201397340292741145e+00,8.961810213597988239e-01,-1.942529675653214882e+00,-1.257886987184784644e+00,-9.051616414001040223e-01,1.960350575562574083e+00,1.000000000000000000e+00
-1.338861790833304477e+00,-5.179137419461379288e-01,8.209791408593645201e-01,-6.826787965071007269e-01,-7.568913072163169220e-01,1.317670939130737517e+00,-6.321171631563217153e-01,-8.834418413358386957e-01,7.530237723613180112e-01,9.530403579604656006e-01,3.821114062691762792e-01,-1.268312504279215158e+00,-1.025196456367969633e+00,-8.736807678822723355e-01,1.684563621365656294e+00,1.000000000000000000e+00
7.024519917873150998e-01,-2.818031577527594367e-01,1.035252677426348189e+00,-9.860395837366923155e-01,-1.235788499070265445e+00,9.885663007366398691e-01,-7.576608893381959753e-01,-1.453797469277775090e+00,2.292713110814471877e-01,1.368460484947221056e+00,9.180705475500362533e-01,-1.065338704803482361e+00,-1.047870463860046897e+00,-1.051336516556065970e+00,1.822960511930558525e+00,1.000000000000000000e+00
-1.059288213762910713e+00,-7.152263697728981073e-01,-6.426950761569123483e-01,-1.085757966057548263e+00,-8.135147271798282009e-01,8.208492924630650389e-01,-7.016834154428519543e-01,-1.245770950163121116e+00,-3.840889327780159235e-01,1.036723598356515952e+00,5.759804395038519154e-01,-1.272702474174073783e+00,-1.069184966723142338e+00,-7.988456792305191900e-01,1.685094508701856286e+00,1.000000000000000000e+00
-1.650310819893823222e+00,1.707278861622016641e-01,-1.405017124954607288e+00,-7.719212330141062006e-01,-6.946808073193158073e-01,1.308091769037399654e+00,-5.273298492988388597e-01,-9.077588927533147833e-01,1.856831861387656102e-01,1.253154294018457238e+00,6.796271679703531632e-01,-1.437137636553560194e+00,-1.071857448996617945e+00,-8.342072354657099620e-01,1.710619259561405370e+00,1.000000000000000000e+00
-6.425187900426642118e-01,-4.634894744988721782e-01,1.736136907156002218e+00,-1.137143444938097714e+00,-1.027245675676673464e+00,7.884164130889125266e-01,-6.446548552048667613e-01,-1.213306196584535535e+00,-2.580345171276711078e-02,9.930163270079759297e-01,9.821840725035020370e-01,-1.340410295592963097e+00,-1.072942271845655160e+00,-9.214530108184563195e-01,1.767542116577537792e+00,1.000000000000000000e+00
-1.380177872439423969e-01,-4.046937071473880043e-01,-3.919264202070582570e-01,6.459264957150987474e-01,-1.151443285838237740e+00,-1.113329841519918428e+00,6.134565508276001999e-01,-9.250983758039996729e-01,-8.511540950671125927e-01,4.125653628934236039e-01,1.126858375144610402e+00,1.035743823737792280e+00,1.532870495533276145e+00,-9.287809446294490456e-01,-1.091013137975160419e+00,2.000000000000000000e+00
5.164932850046805024e-01,-1.908774481415068201e-03,-2.371608080489997494e-01,-1.612900454329047883e-01,-9.086315718692332677e-01,-1.062593555641601739e+00,-2.469815781317106773e-01,-5.903999186405322064e-01,-1.021696513474350976e+00,2.887952178889528487e-01,8.218640024504959563e-01,9.821352374327094736e-01,1.023007200286444540e+00,-5.769986894159420121e-01,-7.554929003266385168e-01,2.000000000000000000e+00
2.209798208210214665e-01,-1.989260162778972163e-01,2.985801540376747387e-01,-5.886475930250677502e-01,-7.161669410585220774e-01,-1.023185593814996519e+00,-2.088073857509988029e-01,-1.272222232666284869e+00,-7.233240564835522468e-01,9.412722393807748666e-01,2.327433819505811130e-01,1.056336620194233689e+00,5.953818095813634415e-01,-2.037921022061115472e-01,-5.240201350491950905e-01,2.000000000000000000e+00
6.599491854737963292e-01,-2.547009735131025021e-01,6.929152545423129805e-02,-3.966942074836257714e-01,-6.280028343723105255e-01,-1.273752962403322586e+00,-1.028076312609154386e-01,-8.416798769549721504e-01,-1.075273353994331993e+00,8.592009436065596306e-01,8.855527916428859170e-01,1.231325940709300903e+00,9.276210481651060435e-01,-7.634920598181339779e-02,-9.704886618262349440e-01,2.000000000000000000e+00
8.361521224552664888e-01,-5.535225760907827031e-01,-3.209637193957228657e-02,-4.619214253848338281e-01,-5.688983735272106212e-01,-1.234144377725171937e+00,-5.856819861738390975e-02,1.826261654864458628e-01,-1.289688142877776444e+00,1.436763468351185402e-01,2.948877328814289989e-01,1.099593711825486153e+00,8.089438289450371355e-01,2.653051682853934182e-02,-9.058050608315225682e-01,2.000000000000000000e+00
-7.251890909805548402e-01,5.084938619234706803e-01,8.999387850523754562e-02,-1.772823254624637523e-01,-3.351019870323503347e-01,-9.722939796128515777e-01,-3.175727271985285260e-01,-3.177585498721617330e-01,-8.108469324083996677e-01,4.018158677292696379e-01,6.274520563149849073e-01,7.454944490713171223e-01,6.417845591383001258e-01,7.542881650415735051e-02,-7.533676973615578421e-01,2.000000000000000000e+00
-2.511824019697849186e-01,-2.730952357407397391e-01,-3.209637193957228657e-02,-2.698761694384489984e-01,-6.549305826071748493e-01,-1.027801051711987546e+00,8.872433899433981863e-02,-7.071028585781382603e-01,-8.552235524191749150e-01,2.273710248080079710e-01,8.689647201003065646e-01,4.910657569190347571e-01,7.966983795348056008e-01,-2.597195213232380562e-01,-7.094990734622406148e-01,2.000000000000000000e+00
-8.552076830621507808e-02,-1.901168393587609473e-01,-1.569436317473084097e-01,-2.753846565034532290e-01,-5.311379336685079222e-01,-1.214760389629304882e+00,3.257678124155937716e-01,-2.247795133910787391e-01,-9.292387972496719550e-01,7.756111806277082854e-01,4.865858758780515214e-01,1.233802484230506646e+00,8.941592008579319906e-01,-3.111287419585589270e-02,-9.626172497664954308e-01,2.000000000000000000e+00
-1.806531915981660630e-01,-5.007451969121128332e-01,-1.275294084544465190e-01,-2.201960036636917695e-01,-7.201214297189632019e-01,-1.519608942062951940e+00,2.156970295542374183e-01,-7.114583053700929138e-01,-1.440506079320481803e+00,6.043921158304139674e-01,7.470023881842231539e-01,1.058994461486270744e+00,1.309804593516728177e+00,-2.147226479845109615e-01,-1.302037209660359851e+00,2.000000000000000000e+00
-2.943875099878116020e-01,-2.711727075043197654e-01,1.977908604055957642e-01,-2.566327010373362638e-01,-9.096720634080439627e-01,-1.472568472643978499e+00,-8.894112326256767287e-02,-4.179734662298219550e-01,-1.598684815621868927e+00,6.424491654523015738e-01,9.063732016402280545e-01,1.244674424963197801e+00,1.372687172339686512e+00,-4.536796872575074580e-01,-1.218490836856829462e+00,2.000000000000000000e+00
1.385361869456165629e-01,-5.764139292244171431e-01,-8.881530115863517025e-03,9.299234037372037243e-01,-1.066850139819684129e+00,-1.213790303002980631e+00,3.174000336027867908e-01,-9.410538675539056319e-01,-1.035266057839850040e+00,-3.023135463288380564e-01,1.143068627820856387e+00,8.862277696492859569e-01,1.671832465187208516e+00,-9.030575567340167753e-01,-1.260134492404785034e+00,3.000000000000000000e+00
4.868067002046714276e-01,-3.237284927287209513e-02,-2.386691169810486457e-01,3.473298815092602521e-01,-1.217143591866388652e+00,-1.238832051798788081e+00,-4.954939067963162747e-02,-1.369219615286331848e+00,-1.239496715430344009e+00,5.905388062876711086e-02,1.282657512920291509e+00,1.104006114692325680e+00,1.558994215357113911e+00,-9.259631324679359343e-01,-1.121517534162233654e+00,3.000000000000000000e+00
-2.703686177489456055e-01,-7.009180383552962579e-02,-2.207169617572060649e-01,6.079389540578551410e-01,-1.281696640762706396e+00,-1.539688891864810394e+00,6.040274493473518636e-01,-1.149726904976203556e+00,-1.413079765076635352e+00,4.628676976109549757e-01,1.199596678047387233e+00,1.467555065517462731e+00,1.896569653860246119e+00,-9.820577459845483137e-01,-1.456609302371617565e+00,3.000000000000000000e+00
-1.088722173878194477e+00,-2.642926624025023763e-01,1.277159449627707222e-01,4.668428464338971184e-01,-1.143000704731604422e+00,-1.422487962576305831e+00,2.909914401684686736e-01,-9.907007478467491079e-01,-1.571701462166908758e+00,1.500459361793792801e-01,9.970577373179131397e-01,1.222318477816372928e+00,1.725236122180078935e+00,-8.757472853823011771e-01,-1.336259056247006249e+00,3.000000000000000000e+00
-4.674777391045474295e-01,-1.725270097455118556e-02,-3.727489421787771318e-01,7.360416387942562144e-01,-6.029463792361283714e-01,-9.784716036334677458e-01,3.037863707375400568e-01,2.993098666192512969e-01,-8.413345699566600056e-01,-5.054412433923322068e-02,6.493402466764813807e-01,1.112739953123783820e+00,1.257904945685690112e+00,-5.420701750434862021e-01,-1.035907400179782334e+00,3.000000000000000000e+00
-7.207030109104758941e-02,-3.927956713982725390e-01,-1.372886239532526698e-01,2.015377043983772598e-01,-1.055852298179874804e+00,-1.057788793268136018e+00,-6.539713845252388691e-02,-1.305841274797969520e+00,-1.115975703270210229e+00,2.690595260561016167e-01,8.371392663910691700e-01,9.759899497442073857e-01,1.271599255340837287e+00,-7.988338254585749532e-01,-8.869390309024404173e-01,3.000000000000000000e+00
-7.833103936862466643e-01,-5.904362778277957857e-02,8.397783717897158717e-02,2.531131073781357488e-01,-1.213246431607610587e+00,-1.427544035202028994e+00,4.020152642963205070e-01,-1.222769686352197516e+00,-1.239867482859276171e+00,5.401109856364538775e-01,1.138338274170755504e+00,1.425328578276701563e+00,1.691718656255407849e+00,-8.950205463278112505e-01,-1.287119085964132603e+00,3.000000000000000000e+00
-1.160115183519520698e+00,-4.304727846038047812e-01,-3.787068575018907590e-01,3.969874625861152251e-01,-1.112861793626228835e+00,-9.285505947553860384e-01,-1.478512493315539966e-01,-1.012873035633722107e+00,-9.025424833642802236e-01,9.114000560537262579e-04,1.515048457114290814e+00,1.159077752599427136e+00,1.258699005996154918e+00,-8.870606929575407529e-01,-8.164068210966408667e-01,3.000000000000000000e+00
-9.017322236597244967e-01,-1.866439907656399499e-01,1.554081197134601078e-01,1.453032026884848275e-02,-1.327666211468827129e+00,-1.012901765111584806e+00,-2.002174947353721202e-01,-1.343007985786662584e+00,-1.102031204476702442e+00,2.463850580356536923e-01,1.435966174716898358e+00,1.240141062752043943e+00,1.226190523490904738e+00,-9.799011063172371472e-01,-7.213822756673066161e-01,3.000000000000000000e+00
4.012624624256976302e-01,-3.384046508308877210e-01,1.516877924981221426e-01,1.166974297916109515e+00,-6.423106794806456854e-01,-1.234662440893877333e+00,2.756196159550460267e-01,-4.002397398448602206e-01,-1.279363240577390926e+00,-1.009632139385375771e+00,8.942273531176465617e-01,1.091374875051927429e+00,1.597237202076380758e+00,-6.412834441550040454e-01,-1.345386199233658875e+00,3.000000000000000000e+00
-2.509158111653914461e-02,-9.129098055738898987e-01,-1.111828338011026984e+00,-1.095098468130323077e+00,-1.113645938056155305e-01,1.325460484977390552e+00,-6.404893544017122853e-01,1.482030522389578220e+00,1.443699462986680393e+00,3.506319268333792927e-01,-7.926804254385626525e-01,-1.532805489696023926e+00,-1.272248899167499392e+00,-4.372078020426134470e-01,1.677211666365721943e+00,0.000000000000000000e+00
-1.037954776284396363e+00,3.226290760227281118e-01,-1.602512142366930625e+00,-1.060734600580395481e+00,2.610090375008575214e-01,1.234543391697510817e+00,-3.851627531858567433e-01,1.487315273149687034e+00,1.408939122190028703e+00,1.692938877551384835e-01,-7.352899033568788267e-02,-7.192004331637217307e-01,-1.261812729235622266e+00,-1.179536673958207493e-01,1.461811333253091538e+00,0.000000000000000000e+00
-8.383615134310227202e-01,-2.014695110221548513e-01,-1.450327025606287901e+00,-8.904479093596449069e-01,-8.575006999613669079e-01,8.275854429274603907e-01,-6.554136669048142849e-01,2.179699188257747944e-01,1.042560760645246498e+00,1.108515158397814920e-01,9.077273425842030674e-01,-1.073288758408365906e+00,-9.520683238372074086e-01,-8.416343270692809853e-01,1.583740666635221395e+00,0.000000000000000000e+00
-7.887720189756066702e-01,1.442816453094380558e+00,1.165415802613898100e+00,-7.458327162602164107e-01,-6.521323852970626334e-01,7.554097405124499121e-01,-7.853655571819456727e-01,-5.370743136743173773e-02,7.953304047369844643e-01,8.967377693008581063e-02,1.005118957204797825e+00,-2.778998967825534461e-01,-8.524541426872298544e-01,-7.042580228549835120e-01,1.386532533120967692e+00,0.000000000000000000e+00
-7.361772701281337206e-01,-1.123690675889028823e+00,-7.622405905884771515e-01,-8.132205932055385222e-01,-8.256504442118318687e-01,9.452840131908510912e-01,-6.990500841941927890e-01,-4.918334116357909180e-01,1.028376097759371000e+00,-2.304680469060174930e-01,7.874174899596119159e-01,-1.027538678524620108e+00,-9.563500024246335274e-01,-8.474299005951673180e-01,1.592147421464896517e+00,0.000000000000000000e+00
1.985605124420107837e+00,1.212341348042035305e+00,-1.397194465094278248e+00,-8.858827536420773585e-01,-6.222756649406249174e-01,8.177776347064570350e-01,-8.924862143887604127e-01,6.835899906724293706e-02,9.668836862043229674e-01,8.161749203392701379e-02,8.655896168506410637e-01,-2.687630231391189284e-01,-9.656984950460402173e-01,-6.843756931674841448e-01,1.498263648810384208e+00,0.000000000000000000e+00
8.129976702676156020e-01,-4.270693248942743908e-02,-2.060146686109653125e+00,-9.973457134332870400e-01,-8.938087178548803635e-01,1.124582142638172577e+00,-6.872857191287056189e-01,-6.664005122627059130e-01,1.200910668730232000e+00,3.183416842756609522e-01,8.686923279522802410e-01,-7.860087798968993233e-01,-1.119230049115517378e+00,-9.026832232965283920e-01,1.806412810730142482e+00,0.000000000000000000e+00
-9.615784957365157704e-01,-4.800723016931818937e-02,-1.036917883712041411e+00,-8.826660806887419719e-01,-8.083269585789899514e-01,9.565770923711424123e-01,-6.934205935305132185e-01,-3.728127538853382439e-01,8.502173248943942774e-01,2.451597858103978511e-01,7.303765942098575659e-01,-1.051830286109102452e+00,-1.002053028447594585e+00,-8.345431684332572653e-01,1.634133576662890608e+00,0.000000000000000000e+00
1.994663557901587003e+00,1.130656662748447810e-01,-1.494271486804950477e+00,-9.655431547868070785e-01,-9.304942634675031909e-01,1.191262422736692139e+00,-6.861220316896046167e-01,-6.581791131673779827e-01,1.708197160580303242e+00,2.983412336186919700e-01,6.272544410846796481e-01,-9.099289506985959175e-01,-1.121789073207386300e+00,-9.320431158894747492e-01,1.827979151684907544e+00,0.000000000000000000e+00
-1.136540532317435792e+00,2.020816596633588647e-01,-1.197783284679687227e-01,-6.021247569290685275e-01,-5.435924450900651017e-01,1.036745288603938775e+00,-5.129643734444885306e-01,1.973034383898520039e+00,1.385619091237327849e+00,-4.371499333219958094e-01,1.582672346823185971e-01,-1.330020960544232800e+00,-8.957462188906425427e-01,-7.063809702655035050e-01,1.435457450086562003e+00,0.000000000000000000e+00
2.046758608853573858e+00,8.989910670771166235e-01,-1.494631406833224929e+00,5.299859352872821061e-01,9.824940011208485036e-01,1.026929720424347714e+00,-7.212082646008880493e-01,1.127553625646286140e+00,5.156487979310183656e-01,-6.075780827537622386e-01,-7.844115233670502230e-01,-1.115150000211251990e+00,-5.091232257405340356e-01,2.377609138443362302e-01,4.075416237404921871e-01,1.000000000000000000e+00
1.938469817835283826e-01,2.237228052122963273e+00,-1.945752252002052263e+00,7.228048463800030854e-01,1.562805513782840272e+00,9.457822388784918877e-01,-4.957468142611594630e-01,1.659026730920982073e+00,-1.732303698732742536e-01,-2.519312000110634497e-01,-9.527141506267423621e-01,-1.023443672833367124e+00,-4.981119020147483645e-01,6.733086106859231812e-01,1.172233032743061898e-01,1.000000000000000000e+00
-1.731528787890616483e+00,2.549704445345505999e+00,-6.418532932585052642e-01,4.724231061980084800e-01,4.991994470133777062e-01,1.026968531238325433e+00,-4.765575635592770865e-01,5.256887472591695865e-01,8.981927019535977941e-01,-4.100705548648346799e-01,-1.229549277781889216e-01,-1.218778483972333238e+00,-4.533358651071391354e-01,-1.170409549868246246e-01,5.728835119145935240e-01,1.000000000000000000e+00
2.833680371774772944e+00,-3.040472851160611611e+00,1.902473780036158635e+00,5.748990210195621398e-01,5.488516106756997637e-01,7.328112286333898773e-01,-5.064115219759910413e-01,8.925457625253417904e-01,1.130648594450107264e-01,-3.148931771890642328e-01,-4.167693554956061197e-01,-8.425689336198861623e-01,-2.798750008194496042e-01,1.167762430461582969e-03,3.067773912881093246e-01,1.000000000000000000e+00
2.924612925149366216e+00,4.401041875099773182e-01,1.533016669651444230e+00,4.934140793845722128e-01,9.435267705286257689e-01,8.007313807950701134e-01,-5.927621457341184508e-01,1.514752245241466122e+00,-4.796824168419644985e-01,-5.149956289580207569e-01,-1.620769597032740150e-01,-1.414225360438628565e+00,-4.314756363655855576e-01,3.123774107986973525e-01,2.745598379685312840e-01,1.000000000000000000e+00
-2.654301539241320507e-01,-3.350723672560286470e+00,6.975129425198461908e-01,3.987311916283086122e-01,7.315153905724542938e-01,1.378910075627055365e+00,-8.763000015362538697e-01,4.431255403409110616e-01,6.311600842706621695e-01,-5.785924876055628108e-01,1.692741199117794582e-01,-1.800321472190681282e+00,-6.607375946734344030e-01,-5.461797068723844156e-02,7.608995137257587027e-01,1.000000000000000000e+00
-2.304842434139680041e+00,2.977709544851680601e+00,1.817624211967047598e+00,5.141828122247615873e-01,1.046052354573955290e+00,8.720103442296280871e-01,-5.951049017163773103e-01,1.132296658404380540e+00,-1.554890203416540162e-01,-5.400748180084853356e-01,-4.145417603729723566e-01,-1.301289718616724933e+00,-4.695927241676921549e-01,3.582918203954147396e-01,2.871132305021618647e-01,1.000000000000000000e+00
-2.032577125903248572e+00,1.880249478945854813e+00,-1.697208538461540961e+00,5.122354249445053576e-01,7.317519739891047426e-01,1.053108795420571564e+00,-7.125171516407313721e-01,5.528957787624565468e-01,2.692363043234550224e-01,-8.799108251616003518e-01,-9.982044996949099303e-02,-1.223866021025451944e+00,-4.838904079327963625e-01,3.963989465670315904e-02,5.063718701840008718e-01,1.000000000000000000e+00
1.938469817835283826e-01,-2.121397816566015504e-01,2.171273234355598714e+00,7.728187390895631115e-01,1.125349057657824003e+00,9.615201893860654270e-01,-2.267871775990825123e-01,9.036418619692233589e-01,-6.498715797571884278e-02,-5.623842881256619908e-01,-1.844290498973916448e-01,-9.910868992306530734e-01,-3.944232368115477283e-01,3.128210151986964838e-01,2.335637346959186511e-01,1.000000000000000000e+00
-2.312953612480725507e+00,2.358086205584389194e+00,1.911968602867941458e+00,5.999252721987415882e-01,8.100206692694749133e-01,9.648972473187570342e-01,-7.945611384294780644e-01,3.769554180031682855e-01,-6.505198306499893057e-02,-7.739460799465062157e-01,-2.689927401382222194e-01,-1.160454943735953703e+00,-4.191670277261160260e-01,1.124612706046259486e-01,3.887377399145855450e-01,1.000000000000000000e+00
-1.319183819036160221e+00,5.893676487540845388e-01,1.886969606228752760e-01,-6.730014492047688979e-01,-4.836641705518619494e-01,-1.537937402760573669e+00,-5.130880191454484374e-01,-7.637926348409661559e-01,-1.675074974576110654e+00,7.804883139279733539e-01,2.354219721037780766e-01,1.002546969414227052e+00,8.603228620857921172e-01,4.493430410250814355e-01,-1.232343967029901233e+00,2.000000000000000000e+00
7.450863222289330068e-01,1.666548258662569615e-01,-2.425351997210310750e-02,-1.778940568321414339e+00,-4.903892748288723458e-01,-1.438546922119508409e+00,-8.437657556230045985e-01,-1.076526861585421102e+00,-1.544055965339119041e+00,1.159369701753275361e+00,-6.538194092141492997e-02,8.421006917457687369e-01,-3.788704962300751267e-01,1.571272836737222844e+00,-5.873994332499976601e-01,2.000000000000000000e+00
6.717842190574306871e-01,7.284911229303625557e-01,1.470785817333477574e-01,-1.122725016196002734e+00,-5.678767917203749738e-01,-1.115077566226464922e+00,-8.457910074318413240e-01,-1.194800315327961965e-01,-1.268942025252237205e+00,1.031804001552860450e+00,8.436946001529185279e-01,1.044265521636753569e+00,1.310075398035527305e-01,3.844608974597072959e-01,-3.895355092289330967e-01,2.000000000000000000e+00
-3.390038283587747947e-01,-2.121397816566015504e-01,6.665668612898795198e-01,-1.265484872395402416e+00,-5.960772700917083000e-01,-1.082116635430590890e+00,-7.830450970603529681e-01,-7.494653562756730114e-01,-8.277241670582308197e-01,1.476026577581488475e+00,2.835502185871635050e-01,1.191391682567120469e+00,-3.054291749832797540e-02,4.102105283385165668e-01,-2.284741331360262695e-01,2.000000000000000000e+00
-5.833302449535533452e-01,-1.208972849540151939e-01,1.662417629790994944e+00,-3.051664096133291926e-01,-1.261659665145094811e-01,-8.118184626228572842e-01,-4.392251089678522735e-01,-4.647078184708107740e-01,-6.925407799692254729e-01,4.440240409095210228e-01,6.267135851265105417e-01,5.381225935144053896e-01,3.197136167198291190e-01,3.324246870775991458e-01,-5.636438140804909125e-01,2.000000000000000000e+00
-5.880764571452842260e-01,-8.502283169480834291e-01,-3.300547212394058239e-01,-7.396899040310784823e-01,-5.645192543122464768e-01,-1.296365175729298214e+00,-6.513475455709819562e-01,-9.481368328057597772e-01,-1.174024858531048876e+00,5.850795850739206466e-02,5.874400564702497718e-01,9.296273310249744126e-01,6.535825728669674151e-01,2.387814833349182209e-01,-8.706776505643766262e-01,2.000000000000000000e+00
-4.853370430643591527e-01,5.253956012261405961e-01,-5.441884709919716512e-01,-5.541447611903028703e-01,-7.481929473508073247e-01,-1.047265963674627320e+00,-7.512093509393910074e-01,-9.152888324365611172e-01,-6.728827709686745484e-01,3.354547632844531169e-01,5.711304027850232501e-01,8.798323098880395099e-01,6.632736028490713309e-01,-2.517360016007842427e-01,-5.679932234239163380e-01,2.000000000000000000e+00
1.297450672362795987e-01,-9.396261139852702948e-01,-4.630506996686030718e-01,-1.288484033288826991e+00,-5.622238256865279560e-01,-1.597490800969983304e+00,-7.998227754996971584e-01,-1.118535598941670095e+00,-1.691707913336420344e+00,6.980066678007115222e-01,7.190523478887480557e-01,1.110830032396146194e+00,4.249926686512658369e-01,9.686918031056627187e-01,-1.085757971261451793e+00,2.000000000000000000e+00
1.212238305657242332e+00,-1.325488797010949238e+00,-5.562492784197983070e-02,-6.720345070543901622e-01,-4.749470301756300028e-01,-1.590116667912069515e+00,-4.074417562598586784e-01,-1.008445286317315670e+00,-1.526797494389560361e+00,8.029551582141916111e-01,7.182265957263582745e-01,1.094079999568051020e+00,8.957411655162591524e-01,4.891575707023606556e-01,-1.296693909070161466e+00,2.000000000000000000e+00
1.938469817835283826e-01,-1.670499020619606645e+00,-1.013286170894763361e+00,-7.320278322137934168e-01,-4.637454779551156148e-01,-1.122237002723550647e+00,-2.308029413221255322e-01,-7.247658518699977570e-01,-1.025469891610192086e+00,2.028520055780879960e-01,6.163644955807825454e-01,1.133207559365062567e+00,4.312725652603061621e-01,2.905680820406984499e-01,-6.594862978618477589e-01,2.000000000000000000e+00
8.114841908068768372e-01,-1.565699179204949276e+00,-1.579752493520157008e+00,-7.687216931941134312e-01,-1.492041619778345374e-01,-5.389536925286815272e-01,-1.524402032612197366e-01,-2.188477441199453699e-01,-7.790767371422399612e-02,8.392286698754605201e-01,-3.527724246821868359e-01,5.021332163696865525e-01,-2.277121838362092809e-01,3.785993185080348544e-01,8.365732781803187149e-03,3.000000000000000000e+00
-6.599438110164523863e-01,1.175926364031188553e+00,1.934933010774006368e+00,-5.501579963390837991e-01,-4.634787386734370851e-02,-7.410759006786170611e-01,-4.148334252757263085e-01,-5.756417334237323713e-01,-3.089886469397341573e-01,3.920543350977250818e-01,-4.034762383289611787e-01,1.135341184047088614e+00,4.592768723855248508e-02,5.347007530782237339e-01,-3.920210077668771498e-01,3.000000000000000000e+00
-2.126035560405204472e-01,2.929196950405431044e-01,-1.551613291309601017e+00,-6.491422242908687634e-01,-3.168694785543955672e-01,-5.543557584584355435e-01,-3.867773338967866459e-01,-5.636475459767060769e-01,-2.467673303508897686e-01,7.565709528945423479e-01,2.469367991921534999e-01,6.383941872990718247e-01,-5.557642348258123866e-02,1.129474007596366347e-01,-1.108183818202656060e-02,3.000000000000000000e+00
-8.350499345630309905e-03,2.609582055903271122e-02,9.470516342255028697e-01,-1.610598469790760767e-01,-4.082981763973537181e-01,-6.670952844436188744e-01,1.023562165095155407e-01,-2.655112898708171798e-01,-1.415482887719578531e-01,8.124747621332079062e-01,4.217483413503319012e-01,9.194629330181395277e-01,4.347458912843385481e-01,-1.446295923459154087e-01,-3.853071262991000778e-01,3.000000000000000000e+00
3.867656815205998133e-01,-2.121397816566015504e-01,9.021137949983855098e-01,-3.080127000561213024e-01,-4.992220607533308652e-01,-4.671522489100456421e-01,-7.070463056382270128e-02,-4.270629092425640705e-01,-5.707329776028610135e-01,2.179587604370460951e-01,3.932792148454640202e-01,5.618636978240688640e-01,2.011807869353869349e-01,-2.719066139593983022e-01,-4.736652644942694612e-02,3.000000000000000000e+00
1.938469817835283826e-01,-2.121397816566015504e-01,-2.302807435218605023e-02,-2.666931365143880225e-02,-9.561350246652540463e-02,-3.648459450299367246e-01,-3.036272719150014399e-01,-4.336909322674473849e-03,-4.399805750068337684e-02,-1.143583296254083725e-01,1.529263619603059010e-01,5.253742413002917555e-01,1.717198474798074526e-01,2.524432934346748647e-02,-2.048093093646602969e-01,3.000000000000000000e+00
-5.563291897000541830e-01,-3.358278167661064018e-01,1.144438128649749808e+00,-4.599003815377180615e-01,-5.653427722020606394e-01,-2.772436922048289731e-01,-8.001650341339779093e-02,-2.961639776046597339e-01,1.304630354227552247e-01,4.968395150749128630e-01,5.215998676536891532e-01,7.090311870489045543e-01,-4.179866152963161718e-02,-3.692869720823123703e-01,2.818210489855707546e-01,3.000000000000000000e+00
-1.255328887102706181e+00,-1.536494378479248690e-01,1.508447359376395625e+00,-2.211252561777868053e-01,-7.254423277967380068e-01,-7.784424073312341819e-02,-1.222717025798736729e-01,-7.494139977827919408e-01,-1.032279883435451157e-01,7.772902781567421204e-01,4.773597245711635462e-01,6.849801793157792584e-01,1.570525130430937971e-02,-6.302235982912421930e-01,3.853175593453384562e-01,3.000000000000000000e+00
1.085834480652224654e+00,4.499816359614178946e-02,1.585364532551165329e-01,-1.184332185772213886e-01,-1.775368085357187098e-01,-4.879104991824748661e-01,-2.946260480140355242e-01,-3.064898326512205951e-01,-6.038492209008012868e-01,1.155116991047814429e-01,6.169196250477790300e-02,4.229028406687543873e-01,2.299155546594642552e-01,2.457243264373873415e-02,-2.683248686106782244e-01,3.000000000000000000e+00
-9.399727165029564402e-01,3.742498183286444569e-01,7.604999067430220361e-01,5.024871449884595271e-04,-6.141313349339853067e-01,-4.775398945992320177e-01,1.416991978906223526e-01,-4.100451010630121740e-01,-6.653063835762632605e-01,7.007843182161360707e-01,8.439886680704788979e-01,6.836369075451116384e-01,4.601764557488700058e-01,-4.730271546883094147e-01,-2.034760961559585191e-01,3.000000000000000000e+00
1.435636125665416873e+00,1.486219699908002401e+00,1.454496501827253319e+00,-2.352756539739097041e-01,9.063756712286234751e-02,7.388314238127078326e-01,5.671951684538575345e-01,2.758649907628683007e-01,2.063373122382523128e+00,4.438023076179951065e-01,-1.175827241813054702e-01,-5.340528604337454466e-01,-6.408557945727902938e-01,-1.962573454180941701e-01,8.295300436095656149e-01,0.000000000000000000e+00
1.561665028002009736e-01,-7.197245557372319302e-01,-1.773209508717730198e+00,-7.533021497797898203e-02,9.377340181015075826e-01,1.616596869828316407e+00,4.285053011795247890e-01,1.599347911378236953e+00,1.576195962147469931e+00,3.078510837112050091e-01,-1.067693913120412619e+00,-1.422592672283440551e+00,-9.749273919815860667e-01,8.814286063083970335e-02,1.014934759799075659e+00,0.000000000000000000e+00
-9.215873807810260887e-01,-7.198577687314391960e-02,-1.262482988596137279e+00,-8.383920123980818095e-01,8.228056332103041992e-01,9.727589321630965014e-01,-1.917493816947810625e-01,1.900751286154725550e+00,1.596304153182200425e+00,1.478232474525177087e-01,-9.802873005006467189e-01,-9.931210842003246331e-01,-1.146802747851688675e+00,4.663717215366124935e-01,9.621842885630214059e-01,0.000000000000000000e+00
3.267064003540721129e-01,8.041039601677837378e-01,-6.211296719441232739e-01,-4.406575753092281666e-01,7.971057640844475545e-01,6.026639413018721747e-01,9.498309464867853158e-02,1.015003363435301731e+00,1.116565547732879082e+00,3.466304713519559322e-02,-7.405859963606084007e-01,-1.821455526273700332e-01,-8.242683214388658586e-01,5.611173823490396284e-01,5.472656382466751790e-01,0.000000000000000000e+00
-2.622711463412930044e-01,-4.663308998627303525e-01,-3.724643535653775483e-01,-6.488480100357909564e-01,5.478119202900431084e-01,9.564392413244946489e-01,-2.533365958367183035e-01,1.673362006936593760e+00,1.698513796918250440e+00,-1.475915122577586662e-02,-2.624506114711013804e-01,-1.262332595310574179e+00,-1.014233941579723908e+00,1.862048262471779347e-01,9.954842969632831107e-01,0.000000000000000000e+00
1.237149779010823902e+00,-1.643052462193162366e+00,1.330300065595878767e+00,-9.013247915506692465e-01,1.236952915833739564e+00,1.185198572616758650e+00,-2.594214752144141101e-01,1.673582021580803936e+00,2.146791125274246870e+00,4.028688000857132412e-01,-9.471438699063398081e-01,-2.341728841279385187e-01,-1.265533564037106595e+00,7.162285700180726078e-01,9.330407158436589965e-01,0.000000000000000000e+00
-5.687875462773737123e-01,1.240042879963167838e-01,1.013457572792349382e+00,-8.233629916706107776e-01,9.275536355017409695e-01,1.399333039933120748e+00,-2.351336524569471453e-01,1.649994321173870349e+00,2.430045519696125478e+00,8.459221576938293907e-01,-7.366385841064360118e-01,-1.186845920784322939e+00,-1.246903713161259031e+00,3.127679989172081343e-01,1.170293046959513861e+00,0.000000000000000000e+00
1.438630363508591525e+00,1.239375689187293350e+00,-1.563495601486747599e+00,-9.801697667674910130e-01,1.409119858892319721e+00,1.454991611908151850e+00,-6.678233930253439921e-01,2.167523433351427720e+00,2.373435917121357264e+00,1.277366583777557463e-01,-1.786298219665523712e+00,-1.136012293027401476e+00,-1.358867888497361287e+00,7.072854076729437889e-01,1.041308079940679310e+00,0.000000000000000000e+00
-1.969690602819158531e-01,-1.428870801119544565e+00,1.747536966979695183e+00,-8.690075988116127137e-01,1.183994807785768266e+00,2.121875199898335396e+00,-3.883367527744722159e-01,2.326267497315299249e+00,2.555162888688737866e+00,4.696432799930406743e-01,-6.661094151544980635e-01,-1.853917313585181192e+00,-1.403033701212474060e+00,1.682640829748617839e-01,1.434153056099017665e+00,0.000000000000000000e+00
6.841909076515407806e-01,-1.578218206659250722e+00,7.412171755124286054e-01,-1.129677998159704044e+00,8.681120807134924400e-01,1.033363650794249855e+00,-9.526160685752905755e-01,1.398691607960822703e+00,1.549276800743836890e+00,5.844479868100248554e-01,-7.308223897681668246e-01,-6.271482880005248006e-01,-1.301530861029947639e+00,5.352823959314870761e-01,1.088178937374357780e+00,0.000000000000000000e+00
8.388890864376176149e-01,-3.329148739102665844e-01,-3.209637193957228657e-02,7.965559940951034701e-01,7.979156184444020639e-01,1.101006648141311883e+00,-1.204116895183051372e-01,5.283822201584000844e-01,8.087351510508893337e-01,-1.331662890066606764e+00,-1.030151693923745615e+00,-1.183203066370676515e+00,-3.774473703927399559e-01,1.035935805885285048e-02,4.081173463326893680e-01,1.000000000000000000e+00
-1.139143173810145848e+00,1.851533240127931634e+00,-1.993883258316736240e-01,4.882967222444358213e-01,1.444081396206376322e+00,1.256312592389048577e+00,-2.209363643070598460e-01,9.398121179662151103e-01,1.260340570484055900e-01,-9.906636399901306289e-01,-1.923727125795946957e+00,-2.038005997795173219e+00,-6.854762107532786919e-01,5.017319972814723306e-01,4.326967147273488301e-01,1.000000000000000000e+00
1.522177094032591160e+00,7.616904494946842297e-01,6.076827334382285395e-01,1.223294955492526953e-01,1.591499229026523743e+00,6.930361015051278439e-01,-8.372630740692514895e-01,9.350487510344217545e-01,-4.804336084069313895e-01,-7.684403617515749296e-01,-1.575978692885406929e+00,-9.735602281904576216e-01,-7.091012372528130436e-01,1.035211071245462966e+00,1.178797890242569701e-01,1.000000000000000000e+00
1.938469817835283826e-01,9.847238521971362069e-01,5.897297483383412420e-01,7.762455864486038637e-01,8.030013697453242116e-01,1.237366688748620547e+00,-3.943520250537114191e-01,9.318862130897761498e-01,6.576266783048307918e-01,-8.640081426945128706e-01,-6.776886088971061373e-01,-1.400622724571941591e+00,-4.421697330168025686e-01,-2.763336056619691491e-02,5.035025047203099957e-01,1.000000000000000000e+00
-4.757620502108762528e-01,4.604443442993400581e-01,-1.149996112318461661e+00,5.330197042616144909e-01,-2.306919711513911730e-01,6.257616265816354773e-01,-5.989319969024629042e-01,-4.701300370295077857e-01,5.177489490986836307e-01,-4.503943823977382688e-01,5.106504281330043193e-01,-4.359331554307049883e-01,-9.319665089677657555e-02,-5.413261197470748964e-01,4.481917374436666379e-01,1.000000000000000000e+00
1.992484265919182151e-01,-2.121397816566015504e-01,-3.209637193957228657e-02,4.428691948093869124e-01,-2.560782498808847896e-01,7.623106445179997914e-01,-5.187336829282174211e-01,-3.105375208144166010e-01,-1.046847752645984481e-01,-8.053416922500201691e-01,4.600324490349400608e-01,-7.673088296995037583e-01,-2.141209031607291813e-01,-5.753477384352304602e-01,6.027942065615916611e-01,1.000000000000000000e+00
-3.602416544473256987e-01,9.880480971436610416e-01,7.926685093415705152e-01,2.662597069262991334e-01,-4.231838366269332630e-01,4.978082922921808762e-01,-7.367287860896910567e-01,-5.504786890201736060e-01,5.319740132860952819e-01,-4.176701583591453937e-01,4.899728181452137066e-01,-3.861532983035033673e-01,-1.323362819515150335e-01,-6.078038328276287316e-01,5.336625415784469473e-01,1.000000000000000000e+00
1.938469817835283826e-01,-2.121397816566015504e-01,-3.209637193957228657e-02,2.427797375693278581e-01,6.469755541220423289e-02,2.778722386036823200e-01,-4.286903173810676648e-01,2.646634389685868505e-01,-4.121179752602279756e-01,-3.893896898925802014e-02,4.241998606136052619e-01,-3.174724436650752102e-01,-1.190938957205062293e-01,-1.554443490056038046e-01,2.301537208250086508e-01,1.000000000000000000e+00
5.339637645569780267e-01,-1.586797631537942843e+00,-7.634106935029786323e-01,1.789565264342229123e-01,-1.820600144867842024e-02,4.459618799699088809e-01,-7.312917841998454183e-01,3.505886238363567758e-03,-1.513294721154153921e-01,-3.364189636406609840e-01,4.080238336579312675e-01,-6.036885434567961228e-01,-2.328331703869080116e-01,-2.683129005710248038e-01,4.272272746428280032e-01,1.000000000000000000e+00
-1.165486111690575255e+00,-7.530456407040733158e-01,-1.299813634664346962e+00,1.099724257129618188e+00,1.332341824475133718e+00,1.960610319486698616e+00,1.325826123919239485e+00,2.278524670027070709e+00,1.786309095411569903e+00,-1.004122025565787224e+00,-5.178319031443394671e-01,-2.492956485302650016e+00,-6.265756960029945644e-01,3.015382560075701920e-02,6.692122863563253476e-01,1.000000000000000000e+00
1.412271253315396713e+00,1.231865922160928495e-01,-1.195217032983997507e+00,1.197177935566552831e+00,-7.566284896942865323e-01,-4.549017750689254846e-01,1.992048563250828241e+00,-5.395923631088275219e-01,-5.433948806553987737e-02,-1.590464593868092358e+00,8.378412428562865832e-01,2.959333782740977692e-01,1.099287429405984895e+00,-8.085274979628640502e-01,-6.914127130093651319e-01,2.000000000000000000e+00
1.141300411877387955e+00,2.891170114049187667e+00,-1.648293795890182767e-01,1.398078741870636188e+00,1.930447081028271727e-01,-1.009028765790578597e-01,3.559264992690380769e+00,-2.461999098125442764e-01,1.906230114129267295e-01,-1.508577643721853212e+00,-1.207954027218877818e-01,-1.741598123742930659e-01,6.676916838570118307e-01,-2.362546416798964599e-01,-5.827369433765637874e-01,2.000000000000000000e+00
1.611476597377065945e+00,9.083283011000892193e-01,-7.642661468942527625e-01,7.213227570413729417e-01,2.326184215511026554e-01,-3.886482917671272852e-01,1.504713542099266332e+00,-1.694119975349988039e-01,-3.361657280407623349e-02,-6.137336138974661681e-01,3.877562745838364355e-01,1.988750311579209895e-01,5.047819948027270076e-01,8.687843844380600811e-02,-6.101446938234753592e-01,2.000000000000000000e+00
-9.494588359923176180e-01,-1.214367180727498052e+00,-3.209637193957228657e-02,1.436009610200759345e+00,-7.680053361974860382e-02,1.380933000301194369e-01,1.863781447056258811e+00,-3.724806361092976026e-01,4.373135408439979277e-01,-2.498884247367133826e-01,1.172444330339725838e-01,2.012245122711626283e-02,6.159991642673187107e-01,-4.886563424252109433e-01,-3.647086275995929383e-01,2.000000000000000000e+00
3.878580606154893862e-01,-8.073884506210934342e-01,1.781400782496270485e-01,1.095125219070107070e+00,-4.089142438316556438e-01,2.716331446327102106e-01,1.597684368551743894e+00,-5.946058333939149287e-01,5.464281489436307870e-01,-9.165663584172869527e-01,3.612044775555924847e-01,-1.281811953952145255e-01,4.527557147983019559e-01,-6.732725916804702671e-01,-6.740947040310306393e-02,2.000000000000000000e+00
-9.296535383615549542e-01,-9.177375799834949222e-01,-6.384276419981423922e-01,1.458314728373363511e+00,-3.381975819888772827e-01,-1.982946790620146449e-01,1.842283975108454763e+00,-3.663994539415891261e-01,-1.479023661887352847e-01,-1.114157305126276531e+00,1.568720507242801765e-01,1.482113637247819693e-01,9.102186831558467528e-01,-6.122968968197668449e-01,-6.090144210860899410e-01,2.000000000000000000e+00
4.751457545498689594e-01,5.974408501079391254e-01,-3.623779948527083294e-01,1.378453440706983724e+00,2.302233860067934845e-01,-1.174901372682930073e-01,1.752898404757312623e+00,-3.766624834291816826e-01,2.533474695740788041e-02,-1.824803347668586095e+00,-1.285849529162631510e+00,1.586930777153493788e-01,6.572804653617863035e-01,-1.985567687331288023e-01,-5.953778715186587300e-01,2.000000000000000000e+00
9.855444636989512119e-01,9.766665089173695025e-01,-2.238260923585956019e-01,1.567977358833643642e+00,-1.490375424011943228e-01,-6.936223204595872716e-01,2.049373074952905771e+00,1.737710976696983309e-02,-9.684277636236351960e-02,-1.516012797823035996e+00,-4.169264027690429142e-01,6.700473544772315160e-01,1.206569295889279081e+00,-4.253662854305090835e-01,-1.054048520626456487e+00,2.000000000000000000e+00
8.328542706306153454e-01,-5.947605973362566356e-01,7.886303592016469244e-01,1.320994159932812106e+00,5.996642878645525032e-01,1.394082341464046026e-01,2.292417908257405212e+00,3.014966272942004588e-01,1.116207370741510579e-01,-3.801891806124036988e-01,-2.097927504417178290e-01,3.346311026286996060e-01,3.754770016865188187e-01,3.948571333211237100e-02,-4.377923690432387605e-01,2.000000000000000000e+00
5.326940541197454637e-01,8.154812328113512088e-01,2.782010187733667816e-01,1.183488187690494131e+00,-4.385378973693727644e-01,-3.009160707365862025e-02,2.177273057760654940e+00,-8.496085030668214522e-01,6.309116248995011444e-01,-1.072089299258911915e-01,5.291391565180495471e-01,1.851730066026947286e-01,7.047632377197032838e-01,-6.587438670774391491e-01,-3.535930109860478954e-01,2.000000000000000000e+00
1.424094699328315672e+00,-9.697289967023186019e-01,3.835083174891122937e-01,3.246971364675727556e-01,3.391854886720999801e-02,-7.289586741249011181e-01,6.189443772994968063e-01,6.877952512695950649e-01,-3.268876305479084809e-01,1.452079133636407504e-01,-2.424976744409726437e-02,6.575526499901702682e-01,5.898642061913770274e-01,1.706857080413332894e-01,-7.571664369900903413e-01,3.000000000000000000e+00
4.625287512622459074e-01,9.539643435205585886e-02,5.209799957663606707e-01,1.623088174961908381e+00,1.333213355666619249e-01,-6.846794316801410041e-01,8.195136758953893708e-01,4.037778221311739135e-01,-5.084863594403035147e-01,-2.226186156516453796e+00,-1.798242393917675597e-01,7.251880366875119721e-01,1.116568942146082710e+00,-2.218351670420460331e-01,-1.085168829800094326e+00,3.000000000000000000e+00
-1.972367231807242716e+00,-6.629877112626124669e-01,-4.717116680237312676e-01,1.536730706693367754e+00,-5.270949034803537048e-01,-9.882842734598505929e-01,1.230279470364752825e+00,-5.726706196997116693e-01,-1.127092530558526873e+00,-1.196628173788563565e+00,6.633797079548843234e-01,9.852228045086498520e-01,1.508859726582576721e+00,-6.562481111997561234e-01,-1.238718944575996517e+00,3.000000000000000000e+00
-3.367510157395318948e-02,9.804661889145349640e-02,-7.947360015122284516e-02,1.831341433595748081e+00,-1.796504215534082405e-02,-8.105241484062674084e-01,1.262429563448924430e+00,-6.550920948495192464e-01,-1.248910698135446529e+00,-1.380997401289209003e+00,-1.383924062199648475e+00,5.652129776195523592e-01,1.311490844893053342e+00,-3.742411035231149041e-01,-1.201992825117136121e+00,3.000000000000000000e+00
1.189591589938870042e+00,-1.630914556631939474e-02,-5.872338938108689899e-01,2.470789141370941966e+00,-2.015443553310117264e-01,-8.698485346877850022e-01,2.091449256253000932e+00,-1.512962505274980385e-01,-9.222265406548645350e-01,-2.997711146590184228e+00,2.626343738145235987e-02,6.071425919954549499e-01,1.572697793531020016e+00,-6.236794098585258794e-01,-1.329667694961931934e+00,3.000000000000000000e+00
8.168973596815174432e-01,-3.595624327387667712e-02,8.350859461844326592e-01,3.212802318120244749e+00,-8.344919530751387926e-02,-3.718836811977641599e-01,2.323797044337532647e+00,-3.474520154894039092e-01,-9.228766611128789987e-02,-4.064751918220141924e+00,-2.672969246614358418e-01,2.562947480622122520e-01,1.468358797806335048e+00,-7.059925194855978248e-01,-1.162441265016884051e+00,3.000000000000000000e+00
1.938469817835283826e-01,-6.305972572557555500e-02,-7.674818040868752744e-03,2.456172226696477612e+00,6.494591525674252297e-02,-9.917479841966040377e-01,2.645816036765554990e+00,5.510894991697558032e-01,-8.409903629137267522e-01,-2.601464040618295837e+00,-7.390182334382281448e-01,7.055032576252356913e-01,1.536707969819298469e+00,-4.410246378464997008e-01,-1.406798739607049820e+00,3.000000000000000000e+00
6.100210512599312830e-03,1.282855445007949624e-01,2.580891508567873527e-01,2.147137709052575172e+00,-7.398762618525609458e-01,-1.074156676490025886e+00,2.413429009540708048e+00,-5.350924886713138706e-01,-1.274446733272037280e+00,-2.476167995776597852e+00,5.643122741724531100e-01,6.068364938979500245e-01,1.765114086951223404e+00,-8.682745199360809574e-01,-1.384849945410887795e+00,3.000000000000000000e+00
-5.278618543690487552e-01,-1.589756262147968557e-01,9.949596073810023852e-04,1.967010077585785277e+00,-9.587208145443042451e-01,-1.321398193530525456e+00,2.221252668777379480e+00,-1.441416169348215037e+00,-1.335403797515442692e+00,-1.271036142946235570e+00,7.111171089200440942e-01,8.633048626638718526e-01,1.917043260085690592e+00,-9.497936001431775965e-01,-1.499715153135619650e+00,3.000000000000000000e+00
-7.097452111130504449e-01,6.917166580761597849e-01,2.408504069282907389e-01,2.715215335810633235e+00,-5.026208331475915392e-01,-1.156853974144082642e+00,2.687913505025187000e+00,-7.292597591988154715e-01,-1.073135247834346995e+00,-2.795333401398648832e+00,2.860552822075658752e-01,6.968196753087372297e-01,1.834189192680908409e+00,-8.082208724590651538e-01,-1.499109929045034484e+00,3.000000000000000000e+00
